-- phpMyAdmin SQL Dump
-- version 4.9.0.1
-- https://www.phpmyadmin.net/
--
-- Host: 127.0.0.1
-- Waktu pembuatan: 14 Okt 2019 pada 12.03
-- Versi server: 10.4.6-MariaDB
-- Versi PHP: 7.1.32

SET SQL_MODE = "NO_AUTO_VALUE_ON_ZERO";
SET AUTOCOMMIT = 0;
START TRANSACTION;
SET time_zone = "+00:00";


/*!40101 SET @OLD_CHARACTER_SET_CLIENT=@@CHARACTER_SET_CLIENT */;
/*!40101 SET @OLD_CHARACTER_SET_RESULTS=@@CHARACTER_SET_RESULTS */;
/*!40101 SET @OLD_COLLATION_CONNECTION=@@COLLATION_CONNECTION */;
/*!40101 SET NAMES utf8mb4 */;

--
-- Database: `sipd5`
--

-- --------------------------------------------------------

--
-- Struktur dari tabel `bagian`
--

CREATE TABLE `bagian` (
  `id` int(11) NOT NULL,
  `nama` varchar(255) DEFAULT NULL
) ENGINE=InnoDB DEFAULT CHARSET=latin1;

--
-- Dumping data untuk tabel `bagian`
--

INSERT INTO `bagian` (`id`, `nama`) VALUES
(1, 'Data Umum'),
(2, 'Data Urusan Pilihan'),
(3, 'Data Wajib'),
(4, 'Data Realisasi Pembangunan'),
(5, 'Data Rencana Pembangunan');

-- --------------------------------------------------------

--
-- Struktur dari tabel `data`
--

CREATE TABLE `data` (
  `id` int(11) NOT NULL,
  `nama_data` varchar(255) NOT NULL,
  `id_kategori` int(11) NOT NULL,
  `id_prov` int(11) NOT NULL,
  `id_kab_kota` int(11) DEFAULT NULL,
  `kec` int(11) DEFAULT NULL,
  `urusan` int(11) DEFAULT NULL,
  `id_table` int(11) DEFAULT NULL,
  `elemen` int(11) DEFAULT NULL,
  `id_sumber_data` int(11) DEFAULT 0,
  `nilai` double DEFAULT NULL,
  `satuan` varchar(10) DEFAULT NULL,
  `tahun` timestamp NULL DEFAULT NULL,
  `created_at` timestamp NULL DEFAULT NULL,
  `updated_at` timestamp NULL DEFAULT NULL
) ENGINE=InnoDB DEFAULT CHARSET=latin1;

--
-- Dumping data untuk tabel `data`
--

INSERT INTO `data` (`id`, `nama_data`, `id_kategori`, `id_prov`, `id_kab_kota`, `kec`, `urusan`, `id_table`, `elemen`, `id_sumber_data`, `nilai`, `satuan`, `tahun`, `created_at`, `updated_at`) VALUES
(428, '1. PLTU/Uap*', 6, 52, NULL, 0, 29, 0, 1398, 1, 0, '*', '2017-01-01 00:00:00', '2019-09-27 00:00:00', NULL),
(429, '1. Produksi Listrik', 6, 52, NULL, 0, 29, 0, 2921, 11962, 488842272, 'Kwh', '2017-01-01 00:00:00', '2019-09-27 00:00:00', NULL),
(430, '2. Distribusi Listrik', 6, 52, NULL, 0, 29, 0, 2922, 1, 0, 'Kwh', '2017-01-01 00:00:00', '2019-09-27 00:00:00', NULL),
(431, '2. PLTG/Gas Turbin*', 6, 52, NULL, 0, 29, 0, 1399, 1, 0, '*', '2017-01-01 00:00:00', '2019-09-27 00:00:00', NULL),
(432, '1. Produksi Listrik', 6, 52, NULL, 0, 29, 0, 2923, 1, 0, 'Kwh', '2017-01-01 00:00:00', '2019-09-27 00:00:00', NULL),
(433, '2. Distribusi Listrik', 6, 52, NULL, 0, 29, 0, 2924, 1, 0, 'Kwh', '2017-01-01 00:00:00', '2019-09-27 00:00:00', NULL),
(434, '3. PLTGU/Gas Uap*', 6, 52, NULL, 0, 29, 0, 1400, 1, 0, '*', '2017-01-01 00:00:00', '2019-09-27 00:00:00', NULL),
(435, '1. Produksi Listrik', 6, 52, NULL, 0, 29, 0, 2925, 1, 0, 'Kwh', '2017-01-01 00:00:00', '2019-09-27 00:00:00', NULL),
(436, '2. Distribusi Listrik', 6, 52, NULL, 0, 29, 0, 2926, 1, 0, 'Kwh', '2017-01-01 00:00:00', '2019-09-27 00:00:00', NULL),
(437, '4. PLTM-G/Mesin Gas*', 6, 52, NULL, 0, 29, 0, 1401, 1, 0, '*', '2017-01-01 00:00:00', '2019-09-27 00:00:00', NULL),
(438, '1. Produksi Listrik', 6, 52, NULL, 0, 29, 0, 2927, 1, 0, 'Kwh', '2017-01-01 00:00:00', '2019-09-27 00:00:00', NULL),
(439, '2. Distribusi Listrik', 6, 52, NULL, 0, 29, 0, 2928, 1, 0, 'Kwh', '2017-01-01 00:00:00', '2019-09-27 00:00:00', NULL),
(440, '5. PLTD/Diesel*', 6, 52, NULL, 0, 29, 0, 1402, 1, 0, '*', '2017-01-01 00:00:00', '2019-09-27 00:00:00', NULL),
(441, '1. Produksi Listrik', 6, 52, NULL, 0, 29, 0, 2929, 11962, 1347076940, 'Kwh', '2017-01-01 00:00:00', '2019-09-27 00:00:00', NULL),
(442, '2. Distribusi Listrik', 6, 52, NULL, 0, 29, 0, 2930, 11962, 1677547404, 'Kwh', '2017-01-01 00:00:00', '2019-09-27 00:00:00', NULL),
(443, '6. PLTA/Air*', 6, 52, NULL, 0, 29, 0, 1403, 1, 0, '*', '2017-01-01 00:00:00', '2019-09-27 00:00:00', NULL),
(444, '1. Produksi Listrik', 6, 52, NULL, 0, 29, 0, 2931, 1, 0, 'Kwh', '2017-01-01 00:00:00', '2019-09-27 00:00:00', NULL),
(445, '2. Distribusi Listrik', 6, 52, NULL, 0, 29, 0, 2932, 1, 0, 'Kwh', '2017-01-01 00:00:00', '2019-09-27 00:00:00', NULL),
(446, '7. PLTM/Air Micro*', 6, 52, NULL, 0, 29, 0, 1404, 1, 0, '*', '2017-01-01 00:00:00', '2019-09-27 00:00:00', NULL),
(447, '1. Produksi Listrik', 6, 52, NULL, 0, 29, 0, 2933, 9460, 4906213, 'Kwh', '2017-01-01 00:00:00', '2019-09-27 00:00:00', NULL),
(448, '2. Distribusi Listrik', 6, 52, NULL, 0, 29, 0, 2934, 1, 0, 'Kwh', '2017-01-01 00:00:00', '2019-09-27 00:00:00', NULL),
(449, '8. PLTMH/Air Mini*', 6, 52, NULL, 0, 29, 0, 1405, 1, 0, '*', '2017-01-01 00:00:00', '2019-09-27 00:00:00', NULL),
(450, '1. Produksi Listrik', 6, 52, NULL, 0, 29, 0, 2935, 11962, 59370379, 'Kwh', '2017-01-01 00:00:00', '2019-09-27 00:00:00', NULL),
(451, '2. Distribusi Listrik', 6, 52, NULL, 0, 29, 0, 2936, 1, 0, 'Kwh', '2017-01-01 00:00:00', '2019-09-27 00:00:00', NULL),
(452, '9. PLTP/Panas Bumi*', 6, 52, NULL, 0, 29, 0, 1406, 1, 0, '*', '2017-01-01 00:00:00', '2019-09-27 00:00:00', NULL),
(453, '1. Produksi Listrik', 6, 52, NULL, 0, 29, 0, 2937, 1, 0, 'Kwh', '2017-01-01 00:00:00', '2019-09-27 00:00:00', NULL),
(454, '2. Distribusi Listrik', 6, 52, NULL, 0, 29, 0, 2938, 1, 0, 'Kwh', '2017-01-01 00:00:00', '2019-09-27 00:00:00', NULL),
(455, '10. PLTS/Surya*', 6, 52, NULL, 0, 29, 0, 1407, 1, 0, '*', '2017-01-01 00:00:00', '2019-09-27 00:00:00', NULL),
(456, '1. Produksi Listrik', 6, 52, NULL, 0, 29, 0, 2939, 9460, 3015024, 'Kwh', '2017-01-01 00:00:00', '2019-09-27 00:00:00', NULL),
(457, '2. Distribusi Listrik', 6, 52, NULL, 0, 29, 0, 2940, 1, 0, 'Kwh', '2017-01-01 00:00:00', '2019-09-27 00:00:00', NULL),
(458, '11. PLT BAYU/Angin*', 6, 52, NULL, 0, 29, 0, 1408, 1, 0, '*', '2017-01-01 00:00:00', '2019-09-27 00:00:00', NULL),
(459, '1. Produksi Listrik', 6, 52, NULL, 0, 29, 0, 2941, 1, 0, 'Kwh', '2017-01-01 00:00:00', '2019-09-27 00:00:00', NULL),
(460, '2. Distribusi Listrik', 6, 52, NULL, 0, 29, 0, 2942, 1, 0, 'Kwh', '2017-01-01 00:00:00', '2019-09-27 00:00:00', NULL),
(461, '2. Jumlah Kebutuhan Listrik ', 6, 52, NULL, 0, 29, 0, 413, 11962, 1896362193, '', '2017-01-01 00:00:00', '2019-09-27 00:00:00', NULL),
(462, '3. Jumlah Tenaga Listrik Terpasang ', 6, 52, NULL, 0, 29, 0, 414, 11962, 382000, '', '2017-01-01 00:00:00', '2019-09-27 00:00:00', NULL),
(463, '4. Jumlah Tenaga Listrik Terjual ', 6, 52, NULL, 0, 29, 0, 415, 11962, 1677547404, '', '2017-01-01 00:00:00', '2019-09-27 00:00:00', NULL),
(464, '1. Jumlah Desa', 6, 52, NULL, 0, 29, 97, 2943, 11962, 0, 'Desa', '2017-01-01 00:00:00', '2019-09-27 00:00:00', NULL),
(465, '2. Jumlah Kelurahan', 6, 52, NULL, 0, 29, 97, 2944, 11962, 0, 'Kelurahan', '2017-01-01 00:00:00', '2019-09-27 00:00:00', NULL),
(466, '1. Jumlah Desa', 6, 52, NULL, 0, 29, 97, 2945, 11962, 0, 'Desa', '2017-01-01 00:00:00', '2019-09-27 00:00:00', NULL),
(467, '2. Jumlah Kelurahan', 6, 52, NULL, 0, 29, 97, 2946, 11962, 0, 'Kelurahan', '2017-01-01 00:00:00', '2019-09-27 00:00:00', NULL),
(468, '1. Batubara*', 6, 52, NULL, 0, 29, 98, 417, 1, 0, '', '2017-01-01 00:00:00', '2019-09-27 00:00:00', NULL),
(469, '1. Masih Aktif', 6, 52, NULL, 0, 29, 98, 4065, 1, 0, 'Perusahaan', '2017-01-01 00:00:00', '2019-09-27 00:00:00', NULL),
(470, '2. Tidak Aktif', 6, 52, NULL, 0, 29, 98, 4066, 1, 0, 'Perusahaan', '2017-01-01 00:00:00', '2019-09-27 00:00:00', NULL),
(471, '1. Masih Aktif', 6, 52, NULL, 0, 29, 98, 4067, 1, 0, 'Perusahaan', '2017-01-01 00:00:00', '2019-09-27 00:00:00', NULL),
(472, '2. Tidak Aktif', 6, 52, NULL, 0, 29, 98, 4068, 1, 0, 'Perusahaan', '2017-01-01 00:00:00', '2019-09-27 00:00:00', NULL),
(473, '2. Jumlah Produksi Batubara', 6, 52, NULL, 0, 29, 100, 1412, 1, 0, 'Ton', '2017-01-01 00:00:00', '2019-09-27 00:00:00', NULL),
(474, '3. Nilai Produksi Batubara', 6, 52, NULL, 0, 29, 100, 1413, 1, 0, 'Rp', '2017-01-01 00:00:00', '2019-09-27 00:00:00', NULL),
(475, '4. Jumlah Eksport Hasil Produksi Batubara', 6, 52, NULL, 0, 29, 100, 1414, 1, 0, 'Ton', '2017-01-01 00:00:00', '2019-09-27 00:00:00', NULL),
(476, '5. Nilai Eksport Hasil Produksi Batubara', 6, 52, NULL, 0, 29, 100, 1415, 1, 0, 'Rp', '2017-01-01 00:00:00', '2019-09-27 00:00:00', NULL),
(477, '2. Biji Timah*', 6, 52, NULL, 0, 29, 98, 418, 1, 0, '', '2017-01-01 00:00:00', '2019-09-27 00:00:00', NULL),
(478, '1. Masih Aktif', 6, 52, NULL, 0, 29, 98, 4069, 1, 0, 'Perusahaan', '2017-01-01 00:00:00', '2019-09-27 00:00:00', NULL),
(479, '2. Tidak Aktif', 6, 52, NULL, 0, 29, 98, 4070, 1, 0, 'Perusahaan', '2017-01-01 00:00:00', '2019-09-27 00:00:00', NULL),
(480, '1. Masih Aktif', 6, 52, NULL, 0, 29, 98, 4071, 1, 0, 'Perusahaan', '2017-01-01 00:00:00', '2019-09-27 00:00:00', NULL),
(481, '2. Tidak Aktif', 6, 52, NULL, 0, 29, 98, 4072, 1, 0, 'Perusahaan', '2017-01-01 00:00:00', '2019-09-27 00:00:00', NULL),
(482, '2. Jumlah Produksi Biji Timah', 6, 52, NULL, 0, 29, 100, 1417, 1, 0, 'Ton', '2017-01-01 00:00:00', '2019-09-27 00:00:00', NULL),
(483, '3. Nilai Produksi Biji Timah', 6, 52, NULL, 0, 29, 100, 1418, 1, 0, 'Rp', '2017-01-01 00:00:00', '2019-09-27 00:00:00', NULL),
(484, '4. Jumlah Eksport Hasil Produksi Biji Timah', 6, 52, NULL, 0, 29, 100, 1419, 1, 0, 'Ton', '2017-01-01 00:00:00', '2019-09-27 00:00:00', NULL),
(485, '5. Nilai Eksport Hasil Produksi Biji Timah', 6, 52, NULL, 0, 29, 100, 1420, 1, 0, 'Rp', '2017-01-01 00:00:00', '2019-09-27 00:00:00', NULL),
(486, '3. Biji Besi*', 6, 52, NULL, 0, 29, 98, 419, 1, 0, '', '2017-01-01 00:00:00', '2019-09-27 00:00:00', NULL),
(487, '1. Masih Aktif', 6, 52, NULL, 0, 29, 98, 4073, 9460, 0, 'Perusahaan', '2017-01-01 00:00:00', '2019-09-27 00:00:00', NULL),
(488, '2. Tidak Aktif', 6, 52, NULL, 0, 29, 98, 4074, 9460, 0, 'Perusahaan', '2017-01-01 00:00:00', '2019-09-27 00:00:00', NULL),
(489, '1. Masih Aktif', 6, 52, NULL, 0, 29, 98, 4075, 9460, 2, 'Perusahaan', '2017-01-01 00:00:00', '2019-09-27 00:00:00', NULL),
(490, '2. Tidak Aktif', 6, 52, NULL, 0, 29, 98, 4076, 9460, 0, 'Perusahaan', '2017-01-01 00:00:00', '2019-09-27 00:00:00', NULL),
(491, '2. Jumlah Produksi Biji Besi', 6, 52, NULL, 0, 29, 100, 1422, 9460, 0, 'Ton', '2017-01-01 00:00:00', '2019-09-27 00:00:00', NULL),
(492, '3. Nilai Produksi Biji Besi', 6, 52, NULL, 0, 29, 100, 1423, 9460, 0, 'Rp', '2017-01-01 00:00:00', '2019-09-27 00:00:00', NULL),
(493, '4. Jumlah Eksport Hasil Produksi Biji Besi', 6, 52, NULL, 0, 29, 100, 1424, 9460, 0, 'Ton', '2017-01-01 00:00:00', '2019-09-27 00:00:00', NULL),
(494, '5. Nilai Eksport Hasil Produksi Biji Besi', 6, 52, NULL, 0, 29, 100, 1425, 9460, 0, 'Rp', '2017-01-01 00:00:00', '2019-09-27 00:00:00', NULL),
(495, '4. Tembaga*', 6, 52, NULL, 0, 29, 98, 420, 1, 0, '', '2017-01-01 00:00:00', '2019-09-27 00:00:00', NULL),
(496, '1. Masih Aktif', 6, 52, NULL, 0, 29, 98, 4077, 1, 0, 'Perusahaan', '2017-01-01 00:00:00', '2019-09-27 00:00:00', NULL),
(497, '2. Tidak Aktif', 6, 52, NULL, 0, 29, 98, 4078, 1, 0, 'Perusahaan', '2017-01-01 00:00:00', '2019-09-27 00:00:00', NULL),
(498, '1. Masih Aktif', 6, 52, NULL, 0, 29, 98, 4079, 1, 0, 'Perusahaan', '2017-01-01 00:00:00', '2019-09-27 00:00:00', NULL),
(499, '2. Tidak Aktif', 6, 52, NULL, 0, 29, 98, 4080, 1, 0, 'Perusahaan', '2017-01-01 00:00:00', '2019-09-27 00:00:00', NULL),
(500, '2. Jumlah Produksi Tembaga', 6, 52, NULL, 0, 29, 100, 1427, 1, 0, 'Ton', '2017-01-01 00:00:00', '2019-09-27 00:00:00', NULL),
(501, '3. Nilai Produksi Tembaga', 6, 52, NULL, 0, 29, 100, 1428, 1, 0, 'Rp', '2017-01-01 00:00:00', '2019-09-27 00:00:00', NULL),
(502, '4. Jumlah Eksport Hasil Produksi Tembaga', 6, 52, NULL, 0, 29, 100, 1429, 1, 0, 'Ton', '2017-01-01 00:00:00', '2019-09-27 00:00:00', NULL),
(503, '5. Nilai Eksport Hasil Produksi Tembaga', 6, 52, NULL, 0, 29, 100, 1430, 1, 0, 'Rp', '2017-01-01 00:00:00', '2019-09-27 00:00:00', NULL),
(504, '5. Mangan*', 6, 52, NULL, 0, 29, 98, 421, 1, 0, '', '2017-01-01 00:00:00', '2019-09-27 00:00:00', NULL),
(505, '1. Masih Aktif', 6, 52, NULL, 0, 29, 98, 4081, 9460, 0, 'Perusahaan', '2017-01-01 00:00:00', '2019-09-27 00:00:00', NULL),
(506, '2. Tidak Aktif', 6, 52, NULL, 0, 29, 98, 4082, 9460, 0, 'Perusahaan', '2017-01-01 00:00:00', '2019-09-27 00:00:00', NULL),
(507, '1. Masih Aktif', 6, 52, NULL, 0, 29, 98, 4083, 9460, 4, 'Perusahaan', '2017-01-01 00:00:00', '2019-09-27 00:00:00', NULL),
(508, '2. Tidak Aktif', 6, 52, NULL, 0, 29, 98, 4084, 9460, 0, 'Perusahaan', '2017-01-01 00:00:00', '2019-09-27 00:00:00', NULL),
(509, '2. Jumlah Produksi Mangan', 6, 52, NULL, 0, 29, 100, 1432, 9460, 0, 'Ton', '2017-01-01 00:00:00', '2019-09-27 00:00:00', NULL),
(510, '3. Nilai Produksi Mangan', 6, 52, NULL, 0, 29, 100, 1433, 9460, 0, 'Rp', '2017-01-01 00:00:00', '2019-09-27 00:00:00', NULL),
(511, '4. Jumlah Eksport Hasil Produksi Mangan', 6, 52, NULL, 0, 29, 100, 1434, 9460, 0, 'Ton', '2017-01-01 00:00:00', '2019-09-27 00:00:00', NULL),
(512, '5. Nilai Eksport Hasil Produksi Mangan', 6, 52, NULL, 0, 29, 100, 1435, 9460, 0, 'Rp', '2017-01-01 00:00:00', '2019-09-27 00:00:00', NULL),
(513, '6. Bouksit (Biji Almunium)*', 6, 52, NULL, 0, 29, 98, 422, 1, 0, '', '2017-01-01 00:00:00', '2019-09-27 00:00:00', NULL),
(514, '1. Masih Aktif', 6, 52, NULL, 0, 29, 98, 4085, 1, 0, 'Perusahaan', '2017-01-01 00:00:00', '2019-09-27 00:00:00', NULL),
(515, '2. Tidak Aktif', 6, 52, NULL, 0, 29, 98, 4086, 1, 0, 'Perusahaan', '2017-01-01 00:00:00', '2019-09-27 00:00:00', NULL),
(516, '1. Masih Aktif', 6, 52, NULL, 0, 29, 98, 4087, 1, 0, 'Perusahaan', '2017-01-01 00:00:00', '2019-09-27 00:00:00', NULL),
(517, '2. Tidak Aktif', 6, 52, NULL, 0, 29, 98, 4088, 1, 0, 'Perusahaan', '2017-01-01 00:00:00', '2019-09-27 00:00:00', NULL),
(518, '2. Jumlah Produksi Bouksit', 6, 52, NULL, 0, 29, 100, 1437, 1, 0, 'Ton', '2017-01-01 00:00:00', '2019-09-27 00:00:00', NULL),
(519, '3. Nilai Produksi Bouksit', 6, 52, NULL, 0, 29, 100, 1438, 1, 0, 'Rp', '2017-01-01 00:00:00', '2019-09-27 00:00:00', NULL),
(520, '4. Jumlah Eksport Hasil Produksi Bouksit', 6, 52, NULL, 0, 29, 100, 1439, 1, 0, 'Ton', '2017-01-01 00:00:00', '2019-09-27 00:00:00', NULL),
(521, '5. Nilai Eksport Hasil Produksi Bouksit', 6, 52, NULL, 0, 29, 100, 1440, 1, 0, 'Rp', '2017-01-01 00:00:00', '2019-09-27 00:00:00', NULL),
(522, '7. Nikel*', 6, 52, NULL, 0, 29, 98, 423, 1, 0, '', '2017-01-01 00:00:00', '2019-09-27 00:00:00', NULL),
(523, '1. Masih Aktif', 6, 52, NULL, 0, 29, 98, 4089, 1, 0, 'Perusahaan', '2017-01-01 00:00:00', '2019-09-27 00:00:00', NULL),
(524, '2. Tidak Aktif', 6, 52, NULL, 0, 29, 98, 4090, 1, 0, 'Perusahaan', '2017-01-01 00:00:00', '2019-09-27 00:00:00', NULL),
(525, '1. Masih Aktif', 6, 52, NULL, 0, 29, 98, 4091, 1, 0, 'Perusahaan', '2017-01-01 00:00:00', '2019-09-27 00:00:00', NULL),
(526, '2. Tidak Aktif', 6, 52, NULL, 0, 29, 98, 4092, 1, 0, 'Perusahaan', '2017-01-01 00:00:00', '2019-09-27 00:00:00', NULL),
(527, '2. Jumlah Produksi Nikel', 6, 52, NULL, 0, 29, 100, 1442, 1, 0, 'Ton', '2017-01-01 00:00:00', '2019-09-27 00:00:00', NULL),
(528, '3. Nilai Produksi Nikel', 6, 52, NULL, 0, 29, 100, 1443, 1, 0, 'Rp', '2017-01-01 00:00:00', '2019-09-27 00:00:00', NULL),
(529, '4. Jumlah Eksport Hasil Produksi Nikel', 6, 52, NULL, 0, 29, 100, 1444, 1, 0, 'Ton', '2017-01-01 00:00:00', '2019-09-27 00:00:00', NULL),
(530, '5. Nilai Eksport Hasil Produksi Nikel', 6, 52, NULL, 0, 29, 100, 1445, 1, 0, 'Rp', '2017-01-01 00:00:00', '2019-09-27 00:00:00', NULL),
(531, '8. Emas*', 6, 52, NULL, 0, 29, 98, 424, 1, 0, '', '2017-01-01 00:00:00', '2019-09-27 00:00:00', NULL),
(532, '1. Masih Aktif', 6, 52, NULL, 0, 29, 98, 4093, 9460, 0, 'Perusahaan', '2017-01-01 00:00:00', '2019-09-27 00:00:00', NULL),
(533, '2. Tidak Aktif', 6, 52, NULL, 0, 29, 98, 4094, 9460, 0, 'Perusahaan', '2017-01-01 00:00:00', '2019-09-27 00:00:00', NULL),
(534, '1. Masih Aktif', 6, 52, NULL, 0, 29, 98, 4095, 9460, 7, 'Perusahaan', '2017-01-01 00:00:00', '2019-09-27 00:00:00', NULL),
(535, '2. Tidak Aktif', 6, 52, NULL, 0, 29, 98, 4096, 9460, 0, 'Perusahaan', '2017-01-01 00:00:00', '2019-09-27 00:00:00', NULL),
(536, '2. Jumlah Produksi Emas', 6, 52, NULL, 0, 29, 100, 1447, 9460, 1296175, 'Ton', '2017-01-01 00:00:00', '2019-09-27 00:00:00', NULL),
(537, '3. Nilai Produksi Emas', 6, 52, NULL, 0, 29, 100, 1448, 1, 0, 'Rp', '2017-01-01 00:00:00', '2019-09-27 00:00:00', NULL),
(538, '4. Jumlah Eksport Hasil Produksi Emas', 6, 52, NULL, 0, 29, 100, 1449, 1, 0, 'Ton', '2017-01-01 00:00:00', '2019-09-27 00:00:00', NULL),
(539, '5. Nilai Eksport Hasil Produksi Emas', 6, 52, NULL, 0, 29, 100, 1450, 1, 0, 'Rp', '2017-01-01 00:00:00', '2019-09-27 00:00:00', NULL),
(540, '9. Perak*', 6, 52, NULL, 0, 29, 98, 425, 1, 0, '', '2017-01-01 00:00:00', '2019-09-27 00:00:00', NULL),
(541, '1. Masih Aktif', 6, 52, NULL, 0, 29, 98, 4097, 1, 0, 'Perusahaan', '2017-01-01 00:00:00', '2019-09-27 00:00:00', NULL),
(542, '2. Tidak Aktif', 6, 52, NULL, 0, 29, 98, 4098, 1, 0, 'Perusahaan', '2017-01-01 00:00:00', '2019-09-27 00:00:00', NULL),
(543, '1. Masih Aktif', 6, 52, NULL, 0, 29, 98, 4099, 1, 0, 'Perusahaan', '2017-01-01 00:00:00', '2019-09-27 00:00:00', NULL),
(544, '2. Tidak Aktif', 6, 52, NULL, 0, 29, 98, 4100, 1, 0, 'Perusahaan', '2017-01-01 00:00:00', '2019-09-27 00:00:00', NULL),
(545, '2. Jumlah Produksi Perak', 6, 52, NULL, 0, 29, 100, 1452, 1, 0, 'Ton', '2017-01-01 00:00:00', '2019-09-27 00:00:00', NULL),
(546, '3. Nilai Produksi Perak', 6, 52, NULL, 0, 29, 100, 1453, 1, 0, 'Rp', '2017-01-01 00:00:00', '2019-09-27 00:00:00', NULL),
(547, '4. Jumlah Eksport Hasil Produksi Perak', 6, 52, NULL, 0, 29, 100, 1454, 1, 0, 'Ton', '2017-01-01 00:00:00', '2019-09-27 00:00:00', NULL),
(548, '5. Nilai Eksport Hasil Produksi Perak', 6, 52, NULL, 0, 29, 100, 1455, 1, 0, 'Rp', '2017-01-01 00:00:00', '2019-09-27 00:00:00', NULL),
(549, '10. Aspal Alam*', 6, 52, NULL, 0, 29, 98, 426, 1, 0, '', '2017-01-01 00:00:00', '2019-09-27 00:00:00', NULL),
(550, '1. Masih Aktif', 6, 52, NULL, 0, 29, 98, 4101, 1, 0, 'Perusahaan', '2017-01-01 00:00:00', '2019-09-27 00:00:00', NULL),
(551, '2. Tidak Aktif', 6, 52, NULL, 0, 29, 98, 4102, 1, 0, 'Perusahaan', '2017-01-01 00:00:00', '2019-09-27 00:00:00', NULL),
(552, '1. Masih Aktif', 6, 52, NULL, 0, 29, 98, 4103, 1, 0, 'Perusahaan', '2017-01-01 00:00:00', '2019-09-27 00:00:00', NULL),
(553, '2. Tidak Aktif', 6, 52, NULL, 0, 29, 98, 4104, 1, 0, 'Perusahaan', '2017-01-01 00:00:00', '2019-09-27 00:00:00', NULL),
(554, '2. Jumlah Produksi Aspal Alam', 6, 52, NULL, 0, 29, 100, 1457, 1, 0, 'Ton', '2017-01-01 00:00:00', '2019-09-27 00:00:00', NULL),
(555, '3. Nilai Produksi Aspal Alam', 6, 52, NULL, 0, 29, 100, 1458, 1, 0, 'Rp', '2017-01-01 00:00:00', '2019-09-27 00:00:00', NULL),
(556, '4. Jumlah Eksport Hasil Produksi Aspal Alam', 6, 52, NULL, 0, 29, 100, 1459, 1, 0, 'Ton', '2017-01-01 00:00:00', '2019-09-27 00:00:00', NULL),
(557, '5. Nilai Eksport Hasil Produksi Aspal Alam', 6, 52, NULL, 0, 29, 100, 1460, 1, 0, 'Rp', '2017-01-01 00:00:00', '2019-09-27 00:00:00', NULL),
(558, '11. Belerang*', 6, 52, NULL, 0, 29, 98, 427, 1, 0, '', '2017-01-01 00:00:00', '2019-09-27 00:00:00', NULL),
(559, '1. Masih Aktif', 6, 52, NULL, 0, 29, 98, 4105, 1, 0, 'Perusahaan', '2017-01-01 00:00:00', '2019-09-27 00:00:00', NULL),
(560, '2. Tidak Aktif', 6, 52, NULL, 0, 29, 98, 4106, 1, 0, 'Perusahaan', '2017-01-01 00:00:00', '2019-09-27 00:00:00', NULL),
(561, '1. Masih Aktif', 6, 52, NULL, 0, 29, 98, 4107, 1, 0, 'Perusahaan', '2017-01-01 00:00:00', '2019-09-27 00:00:00', NULL),
(562, '2. Tidak Aktif', 6, 52, NULL, 0, 29, 98, 4108, 1, 0, 'Perusahaan', '2017-01-01 00:00:00', '2019-09-27 00:00:00', NULL),
(563, '2. Jumlah Produksi Belerang', 6, 52, NULL, 0, 29, 100, 1462, 1, 0, 'Ton', '2017-01-01 00:00:00', '2019-09-27 00:00:00', NULL),
(564, '3. Nilai Produksi Belerang', 6, 52, NULL, 0, 29, 100, 1463, 1, 0, 'Rp', '2017-01-01 00:00:00', '2019-09-27 00:00:00', NULL),
(565, '4. Jumlah Eksport Hasil Produksi Belerang', 6, 52, NULL, 0, 29, 100, 1464, 1, 0, 'Ton', '2017-01-01 00:00:00', '2019-09-27 00:00:00', NULL),
(566, '5. Nilai Eksport Hasil Produksi Belerang', 6, 52, NULL, 0, 29, 100, 1465, 1, 0, 'Rp', '2017-01-01 00:00:00', '2019-09-27 00:00:00', NULL),
(567, '12. Fosfat*', 6, 52, NULL, 0, 29, 98, 428, 1, 0, '', '2017-01-01 00:00:00', '2019-09-27 00:00:00', NULL),
(568, '1. Masih Aktif', 6, 52, NULL, 0, 29, 98, 4109, 1, 0, 'Perusahaan', '2017-01-01 00:00:00', '2019-09-27 00:00:00', NULL),
(569, '2. Tidak Aktif', 6, 52, NULL, 0, 29, 98, 4110, 1, 0, 'Perusahaan', '2017-01-01 00:00:00', '2019-09-27 00:00:00', NULL),
(570, '1. Masih Aktif', 6, 52, NULL, 0, 29, 98, 4111, 1, 0, 'Perusahaan', '2017-01-01 00:00:00', '2019-09-27 00:00:00', NULL),
(571, '2. Tidak Aktif', 6, 52, NULL, 0, 29, 98, 4112, 1, 0, 'Perusahaan', '2017-01-01 00:00:00', '2019-09-27 00:00:00', NULL),
(572, '2. Jumlah Produksi Fosfat', 6, 52, NULL, 0, 29, 100, 1467, 1, 0, 'Ton', '2017-01-01 00:00:00', '2019-09-27 00:00:00', NULL),
(573, '3. Nilai Produksi Fosfat', 6, 52, NULL, 0, 29, 100, 1468, 1, 0, 'Rp', '2017-01-01 00:00:00', '2019-09-27 00:00:00', NULL),
(574, '4. Jumlah Eksport Hasil Produksi Fosfat', 6, 52, NULL, 0, 29, 100, 1469, 1, 0, 'Ton', '2017-01-01 00:00:00', '2019-09-27 00:00:00', NULL),
(575, '5. Nilai Eksport Hasil Produksi Fosfat', 6, 52, NULL, 0, 29, 100, 1470, 1, 0, 'Rp', '2017-01-01 00:00:00', '2019-09-27 00:00:00', NULL),
(576, '13. Batu Gamping*', 6, 52, NULL, 0, 29, 98, 429, 1, 0, '', '2017-01-01 00:00:00', '2019-09-27 00:00:00', NULL),
(577, '1. Masih Aktif', 6, 52, NULL, 0, 29, 98, 4113, 1, 0, 'Perusahaan', '2017-01-01 00:00:00', '2019-09-27 00:00:00', NULL),
(578, '2. Tidak Aktif', 6, 52, NULL, 0, 29, 98, 4114, 1, 0, 'Perusahaan', '2017-01-01 00:00:00', '2019-09-27 00:00:00', NULL),
(579, '1. Masih Aktif', 6, 52, NULL, 0, 29, 98, 4115, 1, 0, 'Perusahaan', '2017-01-01 00:00:00', '2019-09-27 00:00:00', NULL),
(580, '2. Tidak Aktif', 6, 52, NULL, 0, 29, 98, 4116, 1, 0, 'Perusahaan', '2017-01-01 00:00:00', '2019-09-27 00:00:00', NULL),
(581, '2. Jumlah Produksi Batu Gamping', 6, 52, NULL, 0, 29, 100, 1472, 1, 0, 'Ton', '2017-01-01 00:00:00', '2019-09-27 00:00:00', NULL),
(582, '3. Nilai Produksi Batu Gamping', 6, 52, NULL, 0, 29, 100, 1473, 1, 0, 'Rp', '2017-01-01 00:00:00', '2019-09-27 00:00:00', NULL),
(583, '4. Jumlah Eksport Hasil Produksi Batu Gamping', 6, 52, NULL, 0, 29, 100, 1474, 1, 0, 'Ton', '2017-01-01 00:00:00', '2019-09-27 00:00:00', NULL),
(584, '5. Nilai Eksport Hasil Produksi Batu Gamping', 6, 52, NULL, 0, 29, 100, 1475, 1, 0, 'Rp', '2017-01-01 00:00:00', '2019-09-27 00:00:00', NULL),
(585, '14. Batu Pualam*', 6, 52, NULL, 0, 29, 98, 430, 1, 0, '', '2017-01-01 00:00:00', '2019-09-27 00:00:00', NULL),
(586, '1. Masih Aktif', 6, 52, NULL, 0, 29, 98, 4117, 1, 0, 'Perusahaan', '2017-01-01 00:00:00', '2019-09-27 00:00:00', NULL),
(587, '2. Tidak Aktif', 6, 52, NULL, 0, 29, 98, 4118, 1, 0, 'Perusahaan', '2017-01-01 00:00:00', '2019-09-27 00:00:00', NULL),
(588, '1. Masih Aktif', 6, 52, NULL, 0, 29, 98, 4119, 1, 0, 'Perusahaan', '2017-01-01 00:00:00', '2019-09-27 00:00:00', NULL),
(589, '2. Tidak Aktif', 6, 52, NULL, 0, 29, 98, 4120, 1, 0, 'Perusahaan', '2017-01-01 00:00:00', '2019-09-27 00:00:00', NULL),
(590, '2. Jumlah Produksi Batu Pualam', 6, 52, NULL, 0, 29, 100, 1477, 1, 0, 'Ton', '2017-01-01 00:00:00', '2019-09-27 00:00:00', NULL),
(591, '3. Nilai Produksi Batu Pualam', 6, 52, NULL, 0, 29, 100, 1478, 1, 0, 'Rp', '2017-01-01 00:00:00', '2019-09-27 00:00:00', NULL),
(592, '4. Jumlah Eksport Hasil Produksi Batu Pualam', 6, 52, NULL, 0, 29, 100, 1479, 1, 0, 'Ton', '2017-01-01 00:00:00', '2019-09-27 00:00:00', NULL),
(593, '5. Nilai Eksport Hasil Produksi Batu Pualam', 6, 52, NULL, 0, 29, 100, 1480, 1, 0, 'Rp', '2017-01-01 00:00:00', '2019-09-27 00:00:00', NULL),
(594, '15. Intan*', 6, 52, NULL, 0, 29, 98, 431, 1, 0, '', '2017-01-01 00:00:00', '2019-09-27 00:00:00', NULL),
(595, '1. Masih Aktif', 6, 52, NULL, 0, 29, 98, 4121, 1, 0, 'Perusahaan', '2017-01-01 00:00:00', '2019-09-27 00:00:00', NULL),
(596, '2. Tidak Aktif', 6, 52, NULL, 0, 29, 98, 4122, 1, 0, 'Perusahaan', '2017-01-01 00:00:00', '2019-09-27 00:00:00', NULL),
(597, '1. Masih Aktif', 6, 52, NULL, 0, 29, 98, 4123, 1, 0, 'Perusahaan', '2017-01-01 00:00:00', '2019-09-27 00:00:00', NULL),
(598, '2. Tidak Aktif', 6, 52, NULL, 0, 29, 98, 4124, 1, 0, 'Perusahaan', '2017-01-01 00:00:00', '2019-09-27 00:00:00', NULL),
(599, '2. Jumlah Produksi Intan', 6, 52, NULL, 0, 29, 100, 1482, 1, 0, 'Ton', '2017-01-01 00:00:00', '2019-09-27 00:00:00', NULL),
(600, '3. Nilai Produksi Intan', 6, 52, NULL, 0, 29, 100, 1483, 1, 0, 'Rp', '2017-01-01 00:00:00', '2019-09-27 00:00:00', NULL),
(601, '4. Jumlah Eksport Hasil Produksi Intan', 6, 52, NULL, 0, 29, 100, 1484, 1, 0, 'Ton', '2017-01-01 00:00:00', '2019-09-27 00:00:00', NULL),
(602, '5. Nilai Eksport Hasil Produksi Intan', 6, 52, NULL, 0, 29, 100, 1485, 1, 0, 'Rp', '2017-01-01 00:00:00', '2019-09-27 00:00:00', NULL),
(603, '16. Kaolin*', 6, 52, NULL, 0, 29, 98, 432, 1, 0, '', '2017-01-01 00:00:00', '2019-09-27 00:00:00', NULL),
(604, '1. Masih Aktif', 6, 52, NULL, 0, 29, 98, 4125, 1, 0, 'Perusahaan', '2017-01-01 00:00:00', '2019-09-27 00:00:00', NULL),
(605, '2. Tidak Aktif', 6, 52, NULL, 0, 29, 98, 4126, 1, 0, 'Perusahaan', '2017-01-01 00:00:00', '2019-09-27 00:00:00', NULL),
(606, '1. Masih Aktif', 6, 52, NULL, 0, 29, 98, 4127, 1, 0, 'Perusahaan', '2017-01-01 00:00:00', '2019-09-27 00:00:00', NULL),
(607, '2. Tidak Aktif', 6, 52, NULL, 0, 29, 98, 4128, 1, 0, 'Perusahaan', '2017-01-01 00:00:00', '2019-09-27 00:00:00', NULL),
(608, '2. Jumlah Produksi Kaolin', 6, 52, NULL, 0, 29, 100, 1487, 1, 0, 'Ton', '2017-01-01 00:00:00', '2019-09-27 00:00:00', NULL),
(609, '3. Nilai Produksi Kaolin', 6, 52, NULL, 0, 29, 100, 1488, 1, 0, 'Rp', '2017-01-01 00:00:00', '2019-09-27 00:00:00', NULL),
(610, '4. Jumlah Eksport Hasil Produksi Kaolin', 6, 52, NULL, 0, 29, 100, 1489, 1, 0, 'Ton', '2017-01-01 00:00:00', '2019-09-27 00:00:00', NULL),
(611, '5. Nilai Eksport Hasil Produksi Kaolin', 6, 52, NULL, 0, 29, 100, 1490, 1, 0, 'Rp', '2017-01-01 00:00:00', '2019-09-27 00:00:00', NULL),
(612, '17. Pasir Kuarsa*', 6, 52, NULL, 0, 29, 98, 433, 1, 0, '', '2017-01-01 00:00:00', '2019-09-27 00:00:00', NULL),
(613, '1. Masih Aktif', 6, 52, NULL, 0, 29, 98, 4129, 1, 0, 'Perusahaan', '2017-01-01 00:00:00', '2019-09-27 00:00:00', NULL),
(614, '2. Tidak Aktif', 6, 52, NULL, 0, 29, 98, 4130, 1, 0, 'Perusahaan', '2017-01-01 00:00:00', '2019-09-27 00:00:00', NULL),
(615, '1. Masih Aktif', 6, 52, NULL, 0, 29, 98, 4131, 1, 0, 'Perusahaan', '2017-01-01 00:00:00', '2019-09-27 00:00:00', NULL),
(616, '2. Tidak Aktif', 6, 52, NULL, 0, 29, 98, 4132, 1, 0, 'Perusahaan', '2017-01-01 00:00:00', '2019-09-27 00:00:00', NULL),
(617, '2. Jumlah Produksi Pasir Kuarsa', 6, 52, NULL, 0, 29, 100, 1492, 1, 0, 'Ton', '2017-01-01 00:00:00', '2019-09-27 00:00:00', NULL),
(618, '3. Nilai Produksi Pasir Kuarsa', 6, 52, NULL, 0, 29, 100, 1493, 1, 0, 'Rp', '2017-01-01 00:00:00', '2019-09-27 00:00:00', NULL),
(619, '4. Jumlah Eksport Hasil Produksi Pasir Kuarsa', 6, 52, NULL, 0, 29, 100, 1494, 1, 0, 'Ton', '2017-01-01 00:00:00', '2019-09-27 00:00:00', NULL),
(620, '5. Nilai Eksport Hasil Produksi Pasir Kuarsa', 6, 52, NULL, 0, 29, 100, 1495, 1, 0, 'Rp', '2017-01-01 00:00:00', '2019-09-27 00:00:00', NULL),
(621, '18. Bahan Tambang Mineral Lainnya*', 6, 52, NULL, 0, 29, 98, 434, 1, 0, '', '2017-01-01 00:00:00', '2019-09-27 00:00:00', NULL),
(622, '1. Masih Aktif', 6, 52, NULL, 0, 29, 98, 4133, 1, 0, 'Perusahaan', '2017-01-01 00:00:00', '2019-09-27 00:00:00', NULL),
(623, '2. Tidak Aktif', 6, 52, NULL, 0, 29, 98, 4134, 1, 0, 'Perusahaan', '2017-01-01 00:00:00', '2019-09-27 00:00:00', NULL),
(624, '1. Masih Aktif', 6, 52, NULL, 0, 29, 98, 4135, 1, 0, 'Perusahaan', '2017-01-01 00:00:00', '2019-09-27 00:00:00', NULL),
(625, '2. Tidak Aktif', 6, 52, NULL, 0, 29, 98, 4136, 1, 0, 'Perusahaan', '2017-01-01 00:00:00', '2019-09-27 00:00:00', NULL),
(626, '2. Jumlah Produksi Mineral Lainnya', 6, 52, NULL, 0, 29, 100, 1497, 1, 0, 'Ton', '2017-01-01 00:00:00', '2019-09-27 00:00:00', NULL),
(627, '3. Nilai Produksi Mineral Lainnya', 6, 52, NULL, 0, 29, 100, 1498, 1, 0, 'Rp', '2017-01-01 00:00:00', '2019-09-27 00:00:00', NULL),
(628, '4. Jumlah Eksport Hasil Produksi Mineral Lainnya', 6, 52, NULL, 0, 29, 100, 1499, 1, 0, 'Ton', '2017-01-01 00:00:00', '2019-09-27 00:00:00', NULL),
(629, '5. Nilai Eksport Hasil Produksi Mineral Lainnya', 6, 52, NULL, 0, 29, 100, 1500, 1, 0, 'Rp', '2017-01-01 00:00:00', '2019-09-27 00:00:00', NULL),
(630, '1. Jumlah Pertambangan Rakyat Berijin', 6, 52, NULL, 0, 29, 101, 2983, 1, 0, 'Unit', '2017-01-01 00:00:00', '2019-09-27 00:00:00', NULL),
(631, '2. Jumlah Pertambangan Rakyat Tidak Berijin', 6, 52, NULL, 0, 29, 101, 2984, 1, 0, 'Unit', '2017-01-01 00:00:00', '2019-09-27 00:00:00', NULL),
(632, '1. Jumlah Produksi Batubara', 6, 52, NULL, 0, 29, 102, 4137, 1, 0, 'Ton', '2017-01-01 00:00:00', '2019-09-27 00:00:00', NULL),
(633, '2. Nilai Produksi Batubara', 6, 52, NULL, 0, 29, 102, 4138, 1, 0, 'Rp', '2017-01-01 00:00:00', '2019-09-27 00:00:00', NULL),
(634, '1. Jumlah Pertambangan Rakyat Berijin', 6, 52, NULL, 0, 29, 101, 2985, 1, 0, 'Unit', '2017-01-01 00:00:00', '2019-09-27 00:00:00', NULL),
(635, '2. Jumlah Pertambangan Rakyat Tidak Berijin', 6, 52, NULL, 0, 29, 101, 2986, 1, 0, 'Unit', '2017-01-01 00:00:00', '2019-09-27 00:00:00', NULL),
(636, '1. Jumlah Produksi Biji Timah', 6, 52, NULL, 0, 29, 102, 4139, 1, 0, 'Ton', '2017-01-01 00:00:00', '2019-09-27 00:00:00', NULL),
(637, '2. Nilai Produksi Biji Timah', 6, 52, NULL, 0, 29, 102, 4140, 1, 0, 'Rp', '2017-01-01 00:00:00', '2019-09-27 00:00:00', NULL),
(638, '1. Jumlah Pertambangan Rakyat Berijin', 6, 52, NULL, 0, 29, 101, 2987, 1, 0, 'Unit', '2017-01-01 00:00:00', '2019-09-27 00:00:00', NULL),
(639, '2. Jumlah Pertambangan Rakyat Tidak Berijin', 6, 52, NULL, 0, 29, 101, 2988, 1, 0, 'Unit', '2017-01-01 00:00:00', '2019-09-27 00:00:00', NULL),
(640, '1. Jumlah Produksi Biji Besi', 6, 52, NULL, 0, 29, 102, 4141, 1, 0, 'Ton', '2017-01-01 00:00:00', '2019-09-27 00:00:00', NULL),
(641, '2. Nilai Produksi Biji Besi', 6, 52, NULL, 0, 29, 102, 4142, 1, 0, 'Rp', '2017-01-01 00:00:00', '2019-09-27 00:00:00', NULL),
(642, '1. Jumlah Pertambangan Rakyat Berijin', 6, 52, NULL, 0, 29, 101, 2989, 1, 0, 'Unit', '2017-01-01 00:00:00', '2019-09-27 00:00:00', NULL),
(643, '2. Jumlah Pertambangan Rakyat Tidak Berijin', 6, 52, NULL, 0, 29, 101, 2990, 1, 0, 'Unit', '2017-01-01 00:00:00', '2019-09-27 00:00:00', NULL),
(644, '1. Jumlah Produksi Tembaga', 6, 52, NULL, 0, 29, 102, 4143, 1, 0, 'Ton', '2017-01-01 00:00:00', '2019-09-27 00:00:00', NULL),
(645, '2. Nilai Produksi Tembaga', 6, 52, NULL, 0, 29, 102, 4144, 1, 0, 'Rp', '2017-01-01 00:00:00', '2019-09-27 00:00:00', NULL),
(646, '1. Jumlah Pertambangan Rakyat Berijin', 6, 52, NULL, 0, 29, 101, 2991, 1, 0, 'Unit', '2017-01-01 00:00:00', '2019-09-27 00:00:00', NULL),
(647, '2. Jumlah Pertambangan Rakyat Tidak Berijin', 6, 52, NULL, 0, 29, 101, 2992, 1, 0, 'Unit', '2017-01-01 00:00:00', '2019-09-27 00:00:00', NULL),
(648, '1. Jumlah Produksi Bouksit', 6, 52, NULL, 0, 29, 102, 4145, 1, 0, 'Ton', '2017-01-01 00:00:00', '2019-09-27 00:00:00', NULL),
(649, '2. Nilai Produksi Bouksit', 6, 52, NULL, 0, 29, 102, 4146, 1, 0, 'Rp', '2017-01-01 00:00:00', '2019-09-27 00:00:00', NULL),
(650, '1. Jumlah Pertambangan Rakyat Berijin', 6, 52, NULL, 0, 29, 101, 2993, 1, 0, 'Unit', '2017-01-01 00:00:00', '2019-09-27 00:00:00', NULL),
(651, '2. Jumlah Pertambangan Rakyat Tidak Berijin', 6, 52, NULL, 0, 29, 101, 2994, 1, 0, 'Unit', '2017-01-01 00:00:00', '2019-09-27 00:00:00', NULL),
(652, '1. Jumlah Produksi Nikel', 6, 52, NULL, 0, 29, 102, 4147, 1, 0, 'Ton', '2017-01-01 00:00:00', '2019-09-27 00:00:00', NULL),
(653, '2. Nilai Produksi Nikel', 6, 52, NULL, 0, 29, 102, 4148, 1, 0, 'Rp', '2017-01-01 00:00:00', '2019-09-27 00:00:00', NULL),
(654, '1. Jumlah Pertambangan Rakyat Berijin', 6, 52, NULL, 0, 29, 101, 2995, 1, 0, 'Unit', '2017-01-01 00:00:00', '2019-09-27 00:00:00', NULL),
(655, '2. Jumlah Pertambangan Rakyat Tidak Berijin', 6, 52, NULL, 0, 29, 101, 2996, 1, 0, 'Unit', '2017-01-01 00:00:00', '2019-09-27 00:00:00', NULL),
(656, '1. Jumlah Produksi Emas', 6, 52, NULL, 0, 29, 102, 4149, 1, 0, 'Ton', '2017-01-01 00:00:00', '2019-09-27 00:00:00', NULL),
(657, '2. Nilai Produksi Emas', 6, 52, NULL, 0, 29, 102, 4150, 1, 0, 'Rp', '2017-01-01 00:00:00', '2019-09-27 00:00:00', NULL),
(658, '1. Jumlah Pertambangan Rakyat Berijin', 6, 52, NULL, 0, 29, 101, 2997, 1, 0, 'Unit', '2017-01-01 00:00:00', '2019-09-27 00:00:00', NULL),
(659, '2. Jumlah Pertambangan Rakyat Tidak Berijin', 6, 52, NULL, 0, 29, 101, 2998, 1, 0, 'Unit', '2017-01-01 00:00:00', '2019-09-27 00:00:00', NULL),
(660, '1. Jumlah Produksi Perak', 6, 52, NULL, 0, 29, 102, 4151, 1, 0, 'Ton', '2017-01-01 00:00:00', '2019-09-27 00:00:00', NULL),
(661, '2.Nilai Produksi Perak', 6, 52, NULL, 0, 29, 102, 4152, 1, 0, 'Rp', '2017-01-01 00:00:00', '2019-09-27 00:00:00', NULL),
(662, '1. Jumlah Pertambangan Rakyat Berijin', 6, 52, NULL, 0, 29, 101, 2999, 1, 0, 'Unit', '2017-01-01 00:00:00', '2019-09-27 00:00:00', NULL),
(663, '2. Jumlah Pertambangan Rakyat Tidak Berijin', 6, 52, NULL, 0, 29, 101, 3000, 1, 0, 'Unit', '2017-01-01 00:00:00', '2019-09-27 00:00:00', NULL),
(664, '1. Jumlah Produksi Belerang', 6, 52, NULL, 0, 29, 102, 4153, 1, 0, 'Ton', '2017-01-01 00:00:00', '2019-09-27 00:00:00', NULL),
(665, '2. Nilai Produksi Belerang', 6, 52, NULL, 0, 29, 102, 4154, 1, 0, 'Rp', '2017-01-01 00:00:00', '2019-09-27 00:00:00', NULL),
(666, '1. Jumlah Pertambangan Rakyat Berijin', 6, 52, NULL, 0, 29, 101, 3001, 1, 0, 'Unit', '2017-01-01 00:00:00', '2019-09-27 00:00:00', NULL),
(667, '2. Jumlah Pertambangan Rakyat Tidak Berijin', 6, 52, NULL, 0, 29, 101, 3002, 1, 0, 'Unit', '2017-01-01 00:00:00', '2019-09-27 00:00:00', NULL),
(668, '1. Jumlah Produksi Batu Gamping', 6, 52, NULL, 0, 29, 102, 4155, 1, 0, 'Ton', '2017-01-01 00:00:00', '2019-09-27 00:00:00', NULL),
(669, '2.Nilai Produksi Batu Gamping', 6, 52, NULL, 0, 29, 102, 4156, 1, 0, 'Rp', '2017-01-01 00:00:00', '2019-09-27 00:00:00', NULL),
(670, '1. Jumlah Pertambangan Rakyat Berijin', 6, 52, NULL, 0, 29, 101, 3003, 1, 0, 'Unit', '2017-01-01 00:00:00', '2019-09-27 00:00:00', NULL),
(671, '2. Jumlah Pertambangan Rakyat Tidak Berijin', 6, 52, NULL, 0, 29, 101, 3004, 1, 0, 'Unit', '2017-01-01 00:00:00', '2019-09-27 00:00:00', NULL),
(672, '1. Jumlah Produksi Batu Pualam', 6, 52, NULL, 0, 29, 102, 4157, 1, 0, 'Ton', '2017-01-01 00:00:00', '2019-09-27 00:00:00', NULL),
(673, '2. Nilai Produksi Batu Pualam', 6, 52, NULL, 0, 29, 102, 4158, 1, 0, 'Rp', '2017-01-01 00:00:00', '2019-09-27 00:00:00', NULL),
(674, '1. Jumlah Pertambangan Rakyat Berijin', 6, 52, NULL, 0, 29, 101, 3005, 1, 0, 'Unit', '2017-01-01 00:00:00', '2019-09-27 00:00:00', NULL),
(675, '2. Jumlah Pertambangan Rakyat Tidak Berijin', 6, 52, NULL, 0, 29, 101, 3006, 1, 0, 'Unit', '2017-01-01 00:00:00', '2019-09-27 00:00:00', NULL),
(676, '1. Jumlah Produksi Intan', 6, 52, NULL, 0, 29, 102, 4159, 1, 0, 'Ton', '2017-01-01 00:00:00', '2019-09-27 00:00:00', NULL),
(677, '2. Nilai Produksi Intan', 6, 52, NULL, 0, 29, 102, 4160, 1, 0, 'Rp', '2017-01-01 00:00:00', '2019-09-27 00:00:00', NULL),
(678, '1. Jumlah Pertambangan Rakyat Berijin', 6, 52, NULL, 0, 29, 101, 3007, 1, 0, 'Unit', '2017-01-01 00:00:00', '2019-09-27 00:00:00', NULL),
(679, '2. Jumlah Pertambangan Rakyat Tidak Berijin', 6, 52, NULL, 0, 29, 101, 3008, 1, 0, 'Unit', '2017-01-01 00:00:00', '2019-09-27 00:00:00', NULL),
(680, '1. Jumlah Produksi Pasir Kuarsa', 6, 52, NULL, 0, 29, 102, 4161, 1, 0, 'Ton', '2017-01-01 00:00:00', '2019-09-27 00:00:00', NULL),
(681, '2. Nilai Produksi Pasir Kuarsa', 6, 52, NULL, 0, 29, 102, 4162, 1, 0, 'Rp', '2017-01-01 00:00:00', '2019-09-27 00:00:00', NULL),
(682, '1. Jumlah Produksi', 6, 52, NULL, 0, 29, 103, 3009, 1, 0, 'Kl', '2017-01-01 00:00:00', '2019-09-27 00:00:00', NULL),
(683, '2. Jumlah Distribusi', 6, 52, NULL, 0, 29, 103, 3010, 1, 0, 'Kl', '2017-01-01 00:00:00', '2019-09-27 00:00:00', NULL),
(684, '1. Jumlah Produksi', 6, 52, NULL, 0, 29, 103, 3011, 1, 0, 'Kl', '2017-01-01 00:00:00', '2019-09-27 00:00:00', NULL),
(685, '2. Jumlah Distribusi', 6, 52, NULL, 0, 29, 103, 3012, 1, 0, 'Kl', '2017-01-01 00:00:00', '2019-09-27 00:00:00', NULL),
(686, '1. Jumlah Produksi', 6, 52, NULL, 0, 29, 103, 3013, 1, 0, 'Kl', '2017-01-01 00:00:00', '2019-09-27 00:00:00', NULL),
(687, '2. Jumlah Distribusi', 6, 52, NULL, 0, 29, 103, 3014, 1, 0, 'Kl', '2017-01-01 00:00:00', '2019-09-27 00:00:00', NULL),
(855, 'Tes Kelautan Perikanan', 2, 52, 5202, 0, 1, 1, 1, 9451, 500, 'sat', '2020-01-01 00:00:00', '2019-10-08 00:00:00', NULL),
(863, '1. Luas Darat', 1, 52, NULL, 0, 33, 0, 2435, 3656, 0, 'km2', '2018-12-31 16:00:00', '2019-10-08 16:00:00', '2019-10-13 16:00:00'),
(864, '2. Luas Laut', 1, 52, NULL, 0, 33, 0, 2436, 1, 0, 'km2', '2018-12-31 16:00:00', '2019-10-08 16:00:00', NULL),
(865, 'Lintang Utara', 1, 52, NULL, 0, 33, 0, 2437, 1, 0, '', '2018-12-31 16:00:00', '2019-10-08 16:00:00', NULL),
(866, 'Bujur Timur', 1, 52, NULL, 0, 33, 0, 2438, 1, 0, '', '2018-12-31 16:00:00', '2019-10-08 16:00:00', NULL),
(867, 'Lintang Selatan', 1, 52, NULL, 0, 33, 0, 2439, 1, 0, '', '2018-12-31 16:00:00', '2019-10-08 16:00:00', NULL),
(868, 'Bujur Barat', 1, 52, NULL, 0, 33, 0, 2440, 1, 0, '', '2018-12-31 16:00:00', '2019-10-08 16:00:00', NULL),
(869, 'Sebelah Utara ', 1, 52, NULL, 0, 33, 0, 2441, 1, 0, '', '2018-12-31 16:00:00', '2019-10-08 16:00:00', NULL),
(870, 'Sebelah Timur ', 1, 52, NULL, 0, 33, 0, 2442, 1, 0, '', '2018-12-31 16:00:00', '2019-10-08 16:00:00', NULL),
(871, 'Sebelah Selatan ', 1, 52, NULL, 0, 33, 0, 2443, 1, 0, '', '2018-12-31 16:00:00', '2019-10-08 16:00:00', NULL),
(872, 'Sebelah Barat ', 1, 52, NULL, 0, 33, 0, 2444, 1, 0, '', '2018-12-31 16:00:00', '2019-10-08 16:00:00', NULL),
(873, '1. Curah Hujan Rata-Rata', 1, 52, NULL, 0, 33, 0, 2445, 1, 0, 'mm', '2018-12-31 16:00:00', '2019-10-08 16:00:00', NULL),
(874, '2. Jumlah Hari Hujan', 1, 52, NULL, 0, 33, 0, 2446, 1, 0, 'Hari', '2018-12-31 16:00:00', '2019-10-08 16:00:00', NULL),
(875, '3. Temperature', 1, 52, NULL, 0, 33, 0, 2447, 1, 0, 'Celsius', '2018-12-31 16:00:00', '2019-10-08 16:00:00', NULL),
(876, '4. Tingkat Kelembapan', 1, 52, NULL, 0, 33, 0, 2448, 1, 0, '%', '2018-12-31 16:00:00', '2019-10-08 16:00:00', NULL),
(877, ' KAB. LOMBOK BARAT', 1, 52, 5201, 0, 33, 0, 4405, 1, 0, 'm2', '2018-12-31 16:00:00', '2019-10-08 16:00:00', NULL),
(878, ' KAB. LOMBOK TENGAH', 1, 52, 5202, 0, 33, 0, 4405, 1, 0, 'm2', '2018-12-31 16:00:00', '2019-10-08 16:00:00', NULL),
(879, ' KAB. LOMBOK TIMUR', 1, 52, 5203, 0, 33, 0, 4405, 12993, 142780000, 'm2', '2018-12-31 16:00:00', '2019-10-08 16:00:00', NULL),
(880, 'KAB. SUMBAWA', 1, 52, 5204, 0, 33, 0, 4405, 1, 0, 'm2', '2018-12-31 16:00:00', '2019-10-08 16:00:00', NULL),
(881, 'KAB. DOMPU', 1, 52, 5205, 0, 33, 0, 4405, 1, 0, 'm2', '2018-12-31 16:00:00', '2019-10-08 16:00:00', NULL),
(882, ' KAB. BIMA', 1, 52, 5206, 0, 33, 0, 4405, 1, 0, 'm2', '2018-12-31 16:00:00', '2019-10-08 16:00:00', NULL),
(883, ' KAB. SUMBAWA BARAT', 1, 52, 5207, 0, 33, 0, 4405, 1, 0, 'm2', '2018-12-31 16:00:00', '2019-10-08 16:00:00', NULL),
(884, ' KAB. LOMBOK UTARA', 1, 52, 5208, 0, 33, 0, 4405, 1, 0, 'm2', '2018-12-31 16:00:00', '2019-10-08 16:00:00', NULL),
(885, ' KOTA MATARAM', 1, 52, 5271, 0, 33, 0, 4405, 1, 9.46, 'm2', '2018-12-31 16:00:00', '2019-10-08 16:00:00', NULL),
(886, ' KOTA BIMA', 1, 52, 5272, 0, 33, 0, 4405, 1, 10.14, 'm2', '2018-12-31 16:00:00', '2019-10-08 16:00:00', NULL),
(887, 'Kabupaten', 1, 52, NULL, 0, 33, 0, 4406, 1, 0, 'm2', '2018-12-31 16:00:00', '2019-10-08 16:00:00', NULL),
(888, 'Kota', 1, 52, NULL, 0, 33, 0, 4407, 1, 0, 'm2', '2018-12-31 16:00:00', '2019-10-08 16:00:00', NULL),
(889, '1. Jumlah Desa Memiliki Batas Wilayah ', 1, 52, NULL, 0, 33, 104, 3918, 1, 0, 'Desa', '2018-12-31 16:00:00', '2019-10-08 16:00:00', NULL),
(890, '2. Jumlah Desa Belum Memiliki Batas Wilayah ', 1, 52, NULL, 0, 33, 104, 3919, 1, 0, 'Desa', '2018-12-31 16:00:00', '2019-10-08 16:00:00', NULL),
(891, '3. Jumlah Kelurahan Memiliki Batas Wilayah', 1, 52, NULL, 0, 33, 104, 3920, 1, 0, 'Kelurahan', '2018-12-31 16:00:00', '2019-10-08 16:00:00', NULL),
(892, '4. Jumlah Kelurahan Belum Memiliki Batas Wilayah ', 1, 52, NULL, 0, 33, 104, 3921, 1, 0, 'Kelurahan', '2018-12-31 16:00:00', '2019-10-08 16:00:00', NULL),
(893, '1. Jumlah Pegawai Tetap', 1, 52, NULL, 0, 33, 105, 2451, 1, 0, 'Orang', '2018-12-31 16:00:00', '2019-10-08 16:00:00', NULL),
(894, '1. Laki-Laki', 1, 52, NULL, 0, 33, 0, 4488, 1, 0, 'Orang', '2018-12-31 16:00:00', '2019-10-08 16:00:00', NULL),
(895, '2. Perempuan', 1, 52, NULL, 0, 33, 0, 4489, 1, 0, 'Orang', '2018-12-31 16:00:00', '2019-10-08 16:00:00', NULL),
(896, '1. Laki-Laki', 1, 52, NULL, 0, 33, 0, 4490, 1, 0, 'Orang', '2018-12-31 16:00:00', '2019-10-08 16:00:00', NULL),
(897, '2. Perempuan', 1, 52, NULL, 0, 33, 0, 4491, 1, 0, 'Orang', '2018-12-31 16:00:00', '2019-10-08 16:00:00', NULL),
(898, '1. Laki-Laki', 1, 52, NULL, 0, 33, 0, 4492, 1, 0, 'Orang', '2018-12-31 16:00:00', '2019-10-08 16:00:00', NULL),
(899, '2. Perempuan', 1, 52, NULL, 0, 33, 0, 4493, 1, 0, 'Orang', '2018-12-31 16:00:00', '2019-10-08 16:00:00', NULL),
(900, '1. Laki-Laki', 1, 52, NULL, 0, 33, 0, 4494, 1, 0, 'Orang', '2018-12-31 16:00:00', '2019-10-08 16:00:00', NULL),
(901, '2. Perempuan', 1, 52, NULL, 0, 33, 0, 4495, 1, 0, 'Orang', '2018-12-31 16:00:00', '2019-10-08 16:00:00', NULL),
(902, '1. Laki-Laki', 1, 52, NULL, 0, 33, 0, 4496, 1, 0, 'Orang', '2018-12-31 16:00:00', '2019-10-08 16:00:00', NULL),
(903, '2. Perempuan', 1, 52, NULL, 0, 33, 0, 4497, 1, 0, 'Orang', '2018-12-31 16:00:00', '2019-10-08 16:00:00', NULL),
(904, '1. Laki-Laki', 1, 52, NULL, 0, 33, 0, 4498, 1, 0, 'Orang', '2018-12-31 16:00:00', '2019-10-08 16:00:00', NULL),
(905, '2. Perempuan', 1, 52, NULL, 0, 33, 0, 4499, 1, 0, 'Orang', '2018-12-31 16:00:00', '2019-10-08 16:00:00', NULL),
(906, '1. Jumlah Pegawai Golongan I', 1, 52, NULL, 0, 33, 105, 4414, 14619, 221, 'Orang', '2018-12-31 16:00:00', '2019-10-08 16:00:00', NULL),
(907, '2. Jumlah Pegawai Golongan II', 1, 52, NULL, 0, 33, 105, 4415, 14619, 2957, 'Orang', '2018-12-31 16:00:00', '2019-10-08 16:00:00', NULL),
(908, '3. Jumlah Pegawai Golongan III', 1, 52, NULL, 0, 33, 105, 4416, 14619, 8180, 'Orang', '2018-12-31 16:00:00', '2019-10-08 16:00:00', NULL),
(909, '4. Jumlah Pegawai Golongan IV', 1, 52, NULL, 0, 33, 105, 4417, 14619, 3482, 'Orang', '2018-12-31 16:00:00', '2019-10-08 16:00:00', NULL),
(910, '1. Tenaga Pendidik', 1, 52, NULL, 0, 33, 106, 3924, 1, 0, 'Orang', '2018-12-31 16:00:00', '2019-10-08 16:00:00', NULL),
(911, '2. Tenaga Kesehatan', 1, 52, NULL, 0, 33, 106, 3925, 1, 0, 'Orang', '2018-12-31 16:00:00', '2019-10-08 16:00:00', NULL),
(912, '3. Tenaga Penyuluh/Pendampingan', 1, 52, NULL, 0, 33, 106, 3926, 1, 0, 'Orang', '2018-12-31 16:00:00', '2019-10-08 16:00:00', NULL),
(913, '4. Tenaga Kebersihan', 1, 52, NULL, 0, 33, 106, 3927, 1, 0, 'Orang', '2018-12-31 16:00:00', '2019-10-08 16:00:00', NULL),
(914, '5. Tenaga Keamanan', 1, 52, NULL, 0, 33, 106, 3928, 1, 0, 'Orang', '2018-12-31 16:00:00', '2019-10-08 16:00:00', NULL),
(915, '6. Tenaga Lainnya', 1, 52, NULL, 0, 33, 106, 3929, 1, 0, 'Orang', '2018-12-31 16:00:00', '2019-10-08 16:00:00', NULL),
(916, '1. Laki-Laki', 1, 52, NULL, 0, 33, 0, 3930, 14619, 59, 'Orang', '2018-12-31 16:00:00', '2019-10-08 16:00:00', NULL),
(917, '2. Perempuan', 1, 52, NULL, 0, 33, 0, 3931, 14619, 5, 'Orang', '2018-12-31 16:00:00', '2019-10-08 16:00:00', NULL),
(918, '2. Jumlah Fraksi', 1, 52, NULL, 0, 33, 0, 2454, 14619, 12, 'Fraksi', '2018-12-31 16:00:00', '2019-10-08 16:00:00', NULL),
(919, '1. Pajak Daerah', 1, 52, NULL, 0, 33, 107, 4418, 15941, 1037550000000, 'Rp', '2018-12-31 16:00:00', '2019-10-08 16:00:00', NULL),
(920, '2. Retribusi Daerah', 1, 52, NULL, 0, 33, 107, 4419, 15941, 29890858000, 'Rp', '2018-12-31 16:00:00', '2019-10-08 16:00:00', NULL),
(921, '3. Hasil Pengelolaan Keuangan Daerah yang Dipisahkan', 1, 52, NULL, 0, 33, 107, 4420, 15941, 157965000000, 'Rp', '2018-12-31 16:00:00', '2019-10-08 16:00:00', NULL),
(922, '4. Lain-Lain PAD yang Sah', 1, 52, NULL, 0, 33, 107, 4421, 15941, 224640000000, 'Rp', '2018-12-31 16:00:00', '2019-10-08 16:00:00', NULL),
(923, '1. Pajak', 1, 52, NULL, 0, 33, 0, 4500, 15941, 247954000000, 'Rp', '2018-12-31 16:00:00', '2019-10-08 16:00:00', NULL),
(924, '2. Non Pajak', 1, 52, NULL, 0, 33, 0, 4501, 1, 0, 'Rp', '2018-12-31 16:00:00', '2019-10-08 16:00:00', NULL),
(925, '2. Dana Alokasi Umum', 1, 52, NULL, 0, 33, 107, 4423, 15941, 955793000000, 'Rp', '2018-12-31 16:00:00', '2019-10-08 16:00:00', NULL),
(926, '3. Dana Alokasi Khusus', 1, 52, NULL, 0, 33, 107, 4424, 15941, 1129860000000, 'Rp', '2018-12-31 16:00:00', '2019-10-08 16:00:00', NULL),
(927, '1. Hibah', 1, 52, NULL, 0, 33, 107, 4425, 15941, 19284510900, 'Rp', '2018-12-31 16:00:00', '2019-10-08 16:00:00', NULL),
(928, '2. Dana Darurat', 1, 52, NULL, 0, 33, 107, 4426, 1, 0, 'Rp', '2018-12-31 16:00:00', '2019-10-08 16:00:00', NULL),
(929, '3. Dana Bagi Hasil Pajak', 1, 52, NULL, 0, 33, 107, 4427, 1, 0, 'Rp', '2018-12-31 16:00:00', '2019-10-08 16:00:00', NULL),
(930, '4. Dana Penyesuaian dan Otonomi Khusus', 1, 52, NULL, 0, 33, 107, 4428, 1, 0, 'Rp', '2018-12-31 16:00:00', '2019-10-08 16:00:00', NULL),
(931, '5. Bantuan Keuangan', 1, 52, NULL, 0, 33, 107, 4429, 1, 0, 'Rp', '2018-12-31 16:00:00', '2019-10-08 16:00:00', NULL),
(932, '6. Sumbangan Pihak ke-3', 1, 52, NULL, 0, 33, 107, 4430, 1, 0, 'Rp', '2018-12-31 16:00:00', '2019-10-08 16:00:00', NULL),
(933, '1. Belanja Pegawai', 1, 52, NULL, 0, 33, 107, 4431, 15941, 584641000000, 'Rp', '2018-12-31 16:00:00', '2019-10-08 16:00:00', NULL),
(934, '2. Belanja Bunga', 1, 52, NULL, 0, 33, 107, 4432, 1, 0, 'Rp', '2018-12-31 16:00:00', '2019-10-08 16:00:00', NULL),
(935, '3. Belanja Hibah', 1, 52, NULL, 0, 33, 107, 4433, 15941, 948695000000, 'Rp', '2018-12-31 16:00:00', '2019-10-08 16:00:00', NULL),
(936, '4. Belanja Bansos', 1, 52, NULL, 0, 33, 107, 4434, 15941, 32734210000, 'Rp', '2018-12-31 16:00:00', '2019-10-08 16:00:00', NULL),
(937, '5. Belanja Bagi Hasil', 1, 52, NULL, 0, 33, 107, 4435, 15941, 462284000000, 'Rp', '2018-12-31 16:00:00', '2019-10-08 16:00:00', NULL),
(938, '6. Belanja Bantuan Keuangan', 1, 52, NULL, 0, 33, 107, 4436, 15941, 13234649650, 'Rp', '2018-12-31 16:00:00', '2019-10-08 16:00:00', NULL),
(939, '7. Belanja Tidak Terduga', 1, 52, NULL, 0, 33, 107, 4437, 14619, 4058967774, 'Rp', '2018-12-31 16:00:00', '2019-10-08 16:00:00', NULL),
(940, '1. Belanja Pegawai', 1, 52, NULL, 0, 33, 107, 4438, 14619, 133270000000, 'Rp', '2018-12-31 16:00:00', '2019-10-08 16:00:00', NULL),
(941, '2. Belanja Barang dan Jasa', 1, 52, NULL, 0, 33, 107, 4439, 14619, 888702000000, 'Rp', '2018-12-31 16:00:00', '2019-10-08 16:00:00', NULL),
(942, '3. Belanja Modal', 1, 52, NULL, 0, 33, 107, 4440, 14619, 696682000000, 'Rp', '2018-12-31 16:00:00', '2019-10-08 16:00:00', NULL),
(943, '1. Penerimaan Kembali Pemberian Pinjaman Daerah', 1, 52, NULL, 0, 33, 107, 4441, 14619, 1908213613, 'Rp', '2018-12-31 16:00:00', '2019-10-08 16:00:00', NULL),
(944, '2. Penerimaan Kembali Tuntutan Ganti Rugi', 1, 52, NULL, 0, 33, 107, 4442, 1, 0, 'Rp', '2018-12-31 16:00:00', '2019-10-08 16:00:00', NULL),
(945, '3. Penerimaan Kembali Pinjaman Dana Bergulir', 1, 52, NULL, 0, 33, 107, 4443, 1, 0, 'Rp', '2018-12-31 16:00:00', '2019-10-08 16:00:00', NULL),
(946, '4. Penggunaan Silpa Tahun Anggaran Sebelumnya', 1, 52, NULL, 0, 33, 107, 4444, 14619, 196755000000, 'Rp', '2018-12-31 16:00:00', '2019-10-08 16:00:00', NULL),
(947, '5. Pencairan Dana Cadangan', 1, 52, NULL, 0, 33, 107, 4445, 1, 0, 'Rp', '2018-12-31 16:00:00', '2019-10-08 16:00:00', NULL),
(948, '1. Pembentukan Dana Cadangan', 1, 52, NULL, 0, 33, 107, 4446, 1, 0, 'Rp', '2018-12-31 16:00:00', '2019-10-08 16:00:00', NULL),
(949, '2. Penyertaan Modal Pemerintah Daerah', 1, 52, NULL, 0, 33, 107, 4447, 14619, 46004045967, 'Rp', '2018-12-31 16:00:00', '2019-10-08 16:00:00', NULL),
(950, '3. Pembayaran Pokok Utang', 1, 52, NULL, 0, 33, 107, 4448, 1, 0, 'Rp', '2018-12-31 16:00:00', '2019-10-08 16:00:00', NULL),
(951, '4. Pemberian Pinjaman Daerah dan Obligasi Daerah', 1, 52, NULL, 0, 33, 107, 4449, 1, 0, 'Rp', '2018-12-31 16:00:00', '2019-10-08 16:00:00', NULL),
(952, '5. Tuntutan Ganti Rugi Dan Tuntutan Pembendaraan', 1, 52, NULL, 0, 33, 107, 4450, 1, 0, 'Rp', '2018-12-31 16:00:00', '2019-10-08 16:00:00', NULL),
(953, '3. Pembiayaan Netto', 1, 52, NULL, 0, 33, 0, 3939, 15941, 152659000000, 'Rp', '2018-12-31 16:00:00', '2019-10-08 16:00:00', NULL),
(954, '4. Sisa Lebih Pembiayaan Anggaran', 1, 52, NULL, 0, 33, 0, 3940, 15941, 338354000000, 'Rp', '2018-12-31 16:00:00', '2019-10-08 16:00:00', NULL),
(955, '1. Kas dan Setara Kas', 1, 52, NULL, 0, 33, 109, 4451, 1, 0, 'Rp', '2018-12-31 16:00:00', '2019-10-08 16:00:00', NULL),
(956, '2. Investasi Jangka Pendek', 1, 52, NULL, 0, 33, 109, 4452, 1, 0, 'Rp', '2018-12-31 16:00:00', '2019-10-08 16:00:00', NULL),
(957, '3. Piutang Pendapatan', 1, 52, NULL, 0, 33, 109, 4453, 1, 0, 'Rp', '2018-12-31 16:00:00', '2019-10-08 16:00:00', NULL),
(958, '4. Piutang Lainnya', 1, 52, NULL, 0, 33, 109, 4454, 1, 0, 'Rp', '2018-12-31 16:00:00', '2019-10-08 16:00:00', NULL),
(959, '5. Penyisihan Piutang', 1, 52, NULL, 0, 33, 109, 4455, 1, 0, 'Rp', '2018-12-31 16:00:00', '2019-10-08 16:00:00', NULL),
(960, '6. Beban Dibayar Dimuka', 1, 52, NULL, 0, 33, 109, 4456, 1, 0, 'Rp', '2018-12-31 16:00:00', '2019-10-08 16:00:00', NULL),
(961, '7. Persediaan', 1, 52, NULL, 0, 33, 109, 4457, 1, 0, 'Rp', '2018-12-31 16:00:00', '2019-10-08 16:00:00', NULL),
(962, '8. Aset Untuk Dikonsolidasikan', 1, 52, NULL, 0, 33, 109, 4458, 1, 0, 'Rp', '2018-12-31 16:00:00', '2019-10-08 16:00:00', NULL),
(963, '1. Investasi Jangka Panjang Non Permanen', 1, 52, NULL, 0, 33, 109, 4459, 1, 0, 'Rp', '2018-12-31 16:00:00', '2019-10-08 16:00:00', NULL),
(964, '2. Investasi Jangka Panjang Permanen', 1, 52, NULL, 0, 33, 109, 4460, 1, 0, 'Rp', '2018-12-31 16:00:00', '2019-10-08 16:00:00', NULL),
(965, '1. Tanah', 1, 52, NULL, 0, 33, 109, 4461, 1, 0, 'Rp', '2018-12-31 16:00:00', '2019-10-08 16:00:00', NULL),
(966, '2. Peralatan dan Mesin', 1, 52, NULL, 0, 33, 109, 4462, 1, 0, 'Rp', '2018-12-31 16:00:00', '2019-10-08 16:00:00', NULL),
(967, '3. Gedung dan Bangunan', 1, 52, NULL, 0, 33, 109, 4463, 1, 0, 'Rp', '2018-12-31 16:00:00', '2019-10-08 16:00:00', NULL),
(968, '\"4. Jalan, Irigasi, Dan Jaringan\"', 1, 52, NULL, 0, 33, 109, 4464, 1, 0, 'Rp', '2018-12-31 16:00:00', '2019-10-08 16:00:00', NULL),
(969, '5. Aset Tetap Lainnya', 1, 52, NULL, 0, 33, 109, 4465, 1, 0, 'Rp', '2018-12-31 16:00:00', '2019-10-08 16:00:00', NULL),
(970, '6. Konstruksi Dalam Pengerjaan', 1, 52, NULL, 0, 33, 109, 4466, 1, 0, 'Rp', '2018-12-31 16:00:00', '2019-10-08 16:00:00', NULL),
(971, '7. Akumulasi Penyusutan', 1, 52, NULL, 0, 33, 109, 4467, 1, 0, 'Rp', '2018-12-31 16:00:00', '2019-10-08 16:00:00', NULL),
(972, '1. Dana Cadangan', 1, 52, NULL, 0, 33, 109, 4468, 1, 0, 'Rp', '2018-12-31 16:00:00', '2019-10-08 16:00:00', NULL),
(973, '1. Tagihan Jangka Panjang', 1, 52, NULL, 0, 33, 109, 4469, 1, 0, 'Rp', '2018-12-31 16:00:00', '2019-10-08 16:00:00', NULL),
(974, '2. Kemitraan Dengan Pihak Ketiga', 1, 52, NULL, 0, 33, 109, 4470, 1, 0, 'Rp', '2018-12-31 16:00:00', '2019-10-08 16:00:00', NULL),
(975, '3. Aset Tidak Berwujud', 1, 52, NULL, 0, 33, 109, 4471, 1, 0, 'Rp', '2018-12-31 16:00:00', '2019-10-08 16:00:00', NULL),
(976, '4. Aset Lain-Lain', 1, 52, NULL, 0, 33, 109, 4472, 1, 0, 'Rp', '2018-12-31 16:00:00', '2019-10-08 16:00:00', NULL),
(977, '1. Utang Perhitungan Pihak Ketiga (Pfk)', 1, 52, NULL, 0, 33, 109, 4473, 1, 0, 'Rp', '2018-12-31 16:00:00', '2019-10-08 16:00:00', NULL),
(978, '2. Utang Bunga', 1, 52, NULL, 0, 33, 109, 4474, 1, 0, 'Rp', '2018-12-31 16:00:00', '2019-10-08 16:00:00', NULL),
(979, '3. Bagian Lancar Utang Jangka Panjang', 1, 52, NULL, 0, 33, 109, 4475, 1, 0, 'Rp', '2018-12-31 16:00:00', '2019-10-08 16:00:00', NULL),
(980, '4. Pendapatan Diterima Dimuka', 1, 52, NULL, 0, 33, 109, 4476, 1, 0, 'Rp', '2018-12-31 16:00:00', '2019-10-08 16:00:00', NULL),
(981, '5. Utang Belanja', 1, 52, NULL, 0, 33, 109, 4477, 1, 0, 'Rp', '2018-12-31 16:00:00', '2019-10-08 16:00:00', NULL),
(982, '6. Utang Jangka Pendek Lainnya', 1, 52, NULL, 0, 33, 109, 4478, 1, 0, 'Rp', '2018-12-31 16:00:00', '2019-10-08 16:00:00', NULL),
(983, '1. Utang Dalam Negeri', 1, 52, NULL, 0, 33, 109, 4479, 1, 0, 'Rp', '2018-12-31 16:00:00', '2019-10-08 16:00:00', NULL);
INSERT INTO `data` (`id`, `nama_data`, `id_kategori`, `id_prov`, `id_kab_kota`, `kec`, `urusan`, `id_table`, `elemen`, `id_sumber_data`, `nilai`, `satuan`, `tahun`, `created_at`, `updated_at`) VALUES
(984, '2. Utang Jangka Panjang Lainnya', 1, 52, NULL, 0, 33, 109, 4480, 1, 0, 'Rp', '2018-12-31 16:00:00', '2019-10-08 16:00:00', NULL),
(985, '1. Ekuitas', 1, 52, NULL, 0, 33, 109, 4481, 1, 0, 'Rp', '2018-12-31 16:00:00', '2019-10-08 16:00:00', NULL),
(986, '2. Ekuitas Sal', 1, 52, NULL, 0, 33, 109, 4482, 1, 0, 'Rp', '2018-12-31 16:00:00', '2019-10-08 16:00:00', NULL),
(987, '3. Ekuitas Untuk Dikonsolidasikan', 1, 52, NULL, 0, 33, 109, 4483, 1, 0, 'Rp', '2018-12-31 16:00:00', '2019-10-08 16:00:00', NULL),
(988, '4. Rasio Lancar', 1, 52, NULL, 0, 33, 110, 2461, 1, 0, '%', '2018-12-31 16:00:00', '2019-10-08 16:00:00', NULL),
(989, '5. Rasio Quick', 1, 52, NULL, 0, 33, 110, 2462, 1, 0, '%', '2018-12-31 16:00:00', '2019-10-08 16:00:00', NULL),
(990, '6. Rasio Total Hutang Terhadap Total Aset', 1, 52, NULL, 0, 33, 110, 2463, 1, 0, '%', '2018-12-31 16:00:00', '2019-10-08 16:00:00', NULL),
(991, '7. Rasio Hutang Terhadap Modal', 1, 52, NULL, 0, 33, 110, 2464, 1, 0, '%', '2018-12-31 16:00:00', '2019-10-08 16:00:00', NULL),
(992, '\"1. PDRB Pertanian, Kehutanan dan Perikanan\"', 1, 52, NULL, 0, 33, 111, 3965, 14619, 27230174.64, 'Rp', '2018-12-31 16:00:00', '2019-10-08 16:00:00', NULL),
(993, '2. PDRB Pertambangan & Penggalian', 1, 52, NULL, 0, 33, 111, 3964, 14619, 24108618.77, 'Rp', '2018-12-31 16:00:00', '2019-10-08 16:00:00', NULL),
(994, '3. PDRB Industri Pengolahan', 1, 52, NULL, 0, 33, 111, 3959, 14619, 4909792.54, 'Rp', '2018-12-31 16:00:00', '2019-10-08 16:00:00', NULL),
(995, '4. PDRB Pengadaan Listrik dan Gas', 1, 52, NULL, 0, 33, 111, 3963, 14619, 90623.86, 'Rp', '2018-12-31 16:00:00', '2019-10-08 16:00:00', NULL),
(996, '\"5. PDRB Pengadaan Air, Pengelolaan Sampah, Limbah dan Daur Ulang\"', 1, 52, NULL, 0, 33, 111, 3962, 14619, 105618.75, 'Rp', '2018-12-31 16:00:00', '2019-10-08 16:00:00', NULL),
(997, '6. PDRB Konstruksi', 1, 52, NULL, 0, 33, 111, 3949, 14619, 10987929.08, 'Rp', '2018-12-31 16:00:00', '2019-10-08 16:00:00', NULL),
(998, '\"7. PDRB Perdagangan Besar Dan Eceran, Reparasi Mobil Dan Sepeda Motor\"', 1, 52, NULL, 0, 33, 111, 3950, 14619, 16380764.71, 'Rp', '2018-12-31 16:00:00', '2019-10-08 16:00:00', NULL),
(999, '8. PDRB Transportasi Dan Pergudangan', 1, 52, NULL, 0, 33, 111, 3951, 14619, 8917868.51, 'Rp', '2018-12-31 16:00:00', '2019-10-08 16:00:00', NULL),
(1000, '9. PDRB Penyediaan Akomodasi Dan Makan Minum', 1, 52, NULL, 0, 33, 111, 3952, 14619, 2826850.28, 'Rp', '2018-12-31 16:00:00', '2019-10-08 16:00:00', NULL),
(1001, '10. PDRB Informasi dan Komunikasi', 1, 52, NULL, 0, 33, 111, 3953, 14619, 2303211.26, 'Rp', '2018-12-31 16:00:00', '2019-10-08 16:00:00', NULL),
(1002, '11. PDRB Jasa Keuangan Dan Asuransi', 1, 52, NULL, 0, 33, 111, 3954, 14619, 4257336.43, 'Rp', '2018-12-31 16:00:00', '2019-10-08 16:00:00', NULL),
(1003, '12. PDRB Real Estate', 1, 52, NULL, 0, 33, 111, 3955, 14619, 3834423.24, 'Rp', '2018-12-31 16:00:00', '2019-10-08 16:00:00', NULL),
(1004, '13. PDRB Jasa Perusahaan', 1, 52, NULL, 0, 33, 111, 3958, 14619, 211104.15, 'Rp', '2018-12-31 16:00:00', '2019-10-08 16:00:00', NULL),
(1005, '\"14. PDRB Administrasi Pemerintahan, Pertahanan Dan Jaminan Sosial Wajib\"', 1, 52, NULL, 0, 33, 111, 3957, 14619, 7437794.89, 'Rp', '2018-12-31 16:00:00', '2019-10-08 16:00:00', NULL),
(1006, '15. PDRB Pendidikan', 1, 52, NULL, 0, 33, 111, 3956, 14619, 5680642.63, 'Rp', '2018-12-31 16:00:00', '2019-10-08 16:00:00', NULL),
(1007, '16. PDRB Kesehatan Dan Kegiatan Sosial', 1, 52, NULL, 0, 33, 111, 3961, 14619, 2184443.83, 'Rp', '2018-12-31 16:00:00', '2019-10-08 16:00:00', NULL),
(1008, '17. PDRB Jasa Lainnya', 1, 52, NULL, 0, 33, 111, 3960, 14619, 2459700.46, 'Rp', '2018-12-31 16:00:00', '2019-10-08 16:00:00', NULL),
(1009, '\"1. PDRB Pertanian, Kehutanan dan Perikanan\"', 1, 52, NULL, 0, 33, 112, 3980, 14619, 20879656.82, 'Rp', '2018-12-31 16:00:00', '2019-10-08 16:00:00', NULL),
(1010, '2. PDRB Pertambangan & Penggalian', 1, 52, NULL, 0, 33, 112, 3979, 14619, 19635136.64, 'Rp', '2018-12-31 16:00:00', '2019-10-08 16:00:00', NULL),
(1011, '3. PDRB Industri Pengolahan', 1, 52, NULL, 0, 33, 112, 3970, 14619, 4206655.1, 'Rp', '2018-12-31 16:00:00', '2019-10-08 16:00:00', NULL),
(1012, '4. PDRB Pengadaan Listrik dan Gas', 1, 52, NULL, 0, 33, 112, 3969, 14619, 78058.29, 'Rp', '2018-12-31 16:00:00', '2019-10-08 16:00:00', NULL),
(1013, '\"5. PDRB Pengadaan Air, Pengelolaan Sampah, Limbah dan Daur Ulang\"', 1, 52, NULL, 0, 33, 112, 3974, 14619, 72453.21, 'Rp', '2018-12-31 16:00:00', '2019-10-08 16:00:00', NULL),
(1014, '6. PDRB Konstruksi', 1, 52, NULL, 0, 33, 112, 3977, 14619, 9054621.41, 'Rp', '2018-12-31 16:00:00', '2019-10-08 16:00:00', NULL),
(1015, '\"7. PDRB Perdagangan Besar Dan Eceran, Reparasi Mobil Dan Sepeda Motor\"', 1, 52, NULL, 0, 33, 112, 3978, 14619, 12111622.87, 'Rp', '2018-12-31 16:00:00', '2019-10-08 16:00:00', NULL),
(1016, '8. PDRB Transportasi Dan Pergudangan', 1, 52, NULL, 0, 33, 112, 3973, 14619, 6344726.11, 'Rp', '2018-12-31 16:00:00', '2019-10-08 16:00:00', NULL),
(1017, '9. PDRB Penyediaan Akomodasi Dan Makan Minum', 1, 52, NULL, 0, 33, 112, 3972, 14619, 1663016.06, 'Rp', '2018-12-31 16:00:00', '2019-10-08 16:00:00', NULL),
(1018, '10. PDRB Informasi dan Komunikasi', 1, 52, NULL, 0, 33, 112, 3968, 14619, 2157765.38, 'Rp', '2018-12-31 16:00:00', '2019-10-08 16:00:00', NULL),
(1019, '11. PDRB Jasa Keuangan Dan Asuransi', 1, 52, NULL, 0, 33, 112, 3971, 14619, 3074943.13, 'Rp', '2018-12-31 16:00:00', '2019-10-08 16:00:00', NULL),
(1020, '12. PDRB Real Estate', 1, 52, NULL, 0, 33, 112, 3967, 14619, 2678341.08, 'Rp', '2018-12-31 16:00:00', '2019-10-08 16:00:00', NULL),
(1021, '13. PDRB Jasa Perusahaan', 1, 52, NULL, 0, 33, 112, 3966, 14619, 157586.61, 'Rp', '2018-12-31 16:00:00', '2019-10-08 16:00:00', NULL),
(1022, '\"14. PDRB Administrasi Pemerintahan, Pertahanan Dan Jaminan Sosial Wajib\"', 1, 52, NULL, 0, 33, 112, 3976, 14619, 4640840.97, 'Rp', '2018-12-31 16:00:00', '2019-10-08 16:00:00', NULL),
(1023, '15. PDRB Pendidikan', 1, 52, NULL, 0, 33, 112, 3975, 14619, 4062119.86, 'Rp', '2018-12-31 16:00:00', '2019-10-08 16:00:00', NULL),
(1024, '16. PDRB Kesehatan Dan Kegiatan Sosial', 1, 52, NULL, 0, 33, 112, 3981, 14619, 1825594.94, 'Rp', '2018-12-31 16:00:00', '2019-10-08 16:00:00', NULL),
(1025, '17. PDRB Jasa Lainnya', 1, 52, NULL, 0, 33, 112, 3982, 14619, 2001854.72, 'Rp', '2018-12-31 16:00:00', '2019-10-08 16:00:00', NULL),
(1026, '\"6. Laju Pertumbuhan Ekonomi Daerah (Kabupaten,Kota Dan Provinsi)\"', 1, 52, NULL, 0, 33, 113, 838, 14619, 7.1, '', '2018-12-31 16:00:00', '2019-10-08 16:00:00', NULL),
(1027, '7. Laju Inflasi', 1, 52, NULL, 0, 33, 113, 839, 14619, 3.7, '', '2018-12-31 16:00:00', '2019-10-08 16:00:00', NULL),
(1028, '8. Indeks Gini', 1, 52, NULL, 0, 33, 113, 840, 14619, 0.378, '', '2018-12-31 16:00:00', '2019-10-08 16:00:00', NULL),
(1029, '9. IPM', 1, 52, NULL, 0, 33, 113, 841, 14619, 65.81, '', '2018-12-31 16:00:00', '2019-10-08 16:00:00', NULL),
(1030, '1. Luas Darat', 1, 52, NULL, 0, 33, 0, 2435, 3656, 0, 'km2', '2017-01-31 16:00:00', '2019-10-08 16:00:00', '2019-10-13 16:00:00'),
(1031, '2. Luas Laut', 1, 52, NULL, 0, 33, 0, 2436, 1, 0, 'km2', '2017-01-31 16:00:00', '2019-10-08 16:00:00', NULL),
(1032, 'Lintang Utara', 1, 52, NULL, 0, 33, 0, 2437, 1, 0, '', '2017-01-31 16:00:00', '2019-10-08 16:00:00', NULL),
(1033, 'Bujur Timur', 1, 52, NULL, 0, 33, 0, 2438, 1, 0, '', '2017-01-31 16:00:00', '2019-10-08 16:00:00', NULL),
(1034, 'Lintang Selatan', 1, 52, NULL, 0, 33, 0, 2439, 1, 0, '', '2017-01-31 16:00:00', '2019-10-08 16:00:00', NULL),
(1035, 'Bujur Barat', 1, 52, NULL, 0, 33, 0, 2440, 1, 0, '', '2017-01-31 16:00:00', '2019-10-08 16:00:00', NULL),
(1036, 'Sebelah Utara ', 1, 52, NULL, 0, 33, 0, 2441, 1, 0, '', '2017-01-31 16:00:00', '2019-10-08 16:00:00', NULL),
(1037, 'Sebelah Timur ', 1, 52, NULL, 0, 33, 0, 2442, 1, 0, '', '2017-01-31 16:00:00', '2019-10-08 16:00:00', NULL),
(1038, 'Sebelah Selatan ', 1, 52, NULL, 0, 33, 0, 2443, 1, 0, '', '2017-01-31 16:00:00', '2019-10-08 16:00:00', NULL),
(1039, 'Sebelah Barat ', 1, 52, NULL, 0, 33, 0, 2444, 1, 0, '', '2017-01-31 16:00:00', '2019-10-08 16:00:00', NULL),
(1040, '1. Curah Hujan Rata-Rata', 1, 52, NULL, 0, 33, 0, 2445, 1, 0, 'mm', '2017-01-31 16:00:00', '2019-10-08 16:00:00', NULL),
(1041, '2. Jumlah Hari Hujan', 1, 52, NULL, 0, 33, 0, 2446, 1, 0, 'Hari', '2017-01-31 16:00:00', '2019-10-08 16:00:00', NULL),
(1042, '3. Temperature', 1, 52, NULL, 0, 33, 0, 2447, 1, 0, 'Celsius', '2017-01-31 16:00:00', '2019-10-08 16:00:00', NULL),
(1043, '4. Tingkat Kelembapan', 1, 52, NULL, 0, 33, 0, 2448, 1, 0, '%', '2017-01-31 16:00:00', '2019-10-08 16:00:00', NULL),
(1044, ' KAB. LOMBOK BARAT', 1, 52, 5201, 0, 33, 0, 4405, 1, 0, 'm2', '2017-01-31 16:00:00', '2019-10-08 16:00:00', NULL),
(1045, ' KAB. LOMBOK TENGAH', 1, 52, 5202, 0, 33, 0, 4405, 1, 0, 'm2', '2017-01-31 16:00:00', '2019-10-08 16:00:00', NULL),
(1046, ' KAB. LOMBOK TIMUR', 1, 52, 5203, 0, 33, 0, 4405, 12993, 142780000, 'm2', '2017-01-31 16:00:00', '2019-10-08 16:00:00', NULL),
(1047, 'KAB. SUMBAWA', 1, 52, 5204, 0, 33, 0, 4405, 1, 0, 'm2', '2017-01-31 16:00:00', '2019-10-08 16:00:00', NULL),
(1048, 'KAB. DOMPU', 1, 52, 5205, 0, 33, 0, 4405, 1, 0, 'm2', '2017-01-31 16:00:00', '2019-10-08 16:00:00', NULL),
(1049, ' KAB. BIMA', 1, 52, 5206, 0, 33, 0, 4405, 1, 0, 'm2', '2017-01-31 16:00:00', '2019-10-08 16:00:00', NULL),
(1050, ' KAB. SUMBAWA BARAT', 1, 52, 5207, 0, 33, 0, 4405, 1, 0, 'm2', '2017-01-31 16:00:00', '2019-10-08 16:00:00', NULL),
(1051, ' KAB. LOMBOK UTARA', 1, 52, 5208, 0, 33, 0, 4405, 1, 0, 'm2', '2017-01-31 16:00:00', '2019-10-08 16:00:00', NULL),
(1052, ' KOTA MATARAM', 1, 52, 5271, 0, 33, 0, 4405, 1, 9.46, 'm2', '2017-01-31 16:00:00', '2019-10-08 16:00:00', NULL),
(1053, ' KOTA BIMA', 1, 52, 5272, 0, 33, 0, 4405, 1, 10.14, 'm2', '2017-01-31 16:00:00', '2019-10-08 16:00:00', NULL),
(1054, 'Kabupaten', 1, 52, NULL, 0, 33, 0, 4406, 1, 0, 'm2', '2017-01-31 16:00:00', '2019-10-08 16:00:00', NULL),
(1055, 'Kota', 1, 52, NULL, 0, 33, 0, 4407, 1, 0, 'm2', '2017-01-31 16:00:00', '2019-10-08 16:00:00', NULL),
(1056, '1. Jumlah Desa Memiliki Batas Wilayah ', 1, 52, NULL, 0, 33, 104, 3918, 1, 0, 'Desa', '2017-01-31 16:00:00', '2019-10-08 16:00:00', NULL),
(1057, '2. Jumlah Desa Belum Memiliki Batas Wilayah ', 1, 52, NULL, 0, 33, 104, 3919, 1, 0, 'Desa', '2017-01-31 16:00:00', '2019-10-08 16:00:00', NULL),
(1058, '3. Jumlah Kelurahan Memiliki Batas Wilayah', 1, 52, NULL, 0, 33, 104, 3920, 1, 0, 'Kelurahan', '2017-01-31 16:00:00', '2019-10-08 16:00:00', NULL),
(1059, '4. Jumlah Kelurahan Belum Memiliki Batas Wilayah ', 1, 52, NULL, 0, 33, 104, 3921, 1, 0, 'Kelurahan', '2017-01-31 16:00:00', '2019-10-08 16:00:00', NULL),
(1060, '1. Jumlah Pegawai Tetap', 1, 52, NULL, 0, 33, 105, 2451, 1, 0, 'Orang', '2017-01-31 16:00:00', '2019-10-08 16:00:00', NULL),
(1061, '1. Laki-Laki', 1, 52, NULL, 0, 33, 0, 4488, 1, 0, 'Orang', '2017-01-31 16:00:00', '2019-10-08 16:00:00', NULL),
(1062, '2. Perempuan', 1, 52, NULL, 0, 33, 0, 4489, 1, 0, 'Orang', '2017-01-31 16:00:00', '2019-10-08 16:00:00', NULL),
(1063, '1. Laki-Laki', 1, 52, NULL, 0, 33, 0, 4490, 1, 0, 'Orang', '2017-01-31 16:00:00', '2019-10-08 16:00:00', NULL),
(1064, '2. Perempuan', 1, 52, NULL, 0, 33, 0, 4491, 1, 0, 'Orang', '2017-01-31 16:00:00', '2019-10-08 16:00:00', NULL),
(1065, '1. Laki-Laki', 1, 52, NULL, 0, 33, 0, 4492, 1, 0, 'Orang', '2017-01-31 16:00:00', '2019-10-08 16:00:00', NULL),
(1066, '2. Perempuan', 1, 52, NULL, 0, 33, 0, 4493, 1, 0, 'Orang', '2017-01-31 16:00:00', '2019-10-08 16:00:00', NULL),
(1067, '1. Laki-Laki', 1, 52, NULL, 0, 33, 0, 4494, 1, 0, 'Orang', '2017-01-31 16:00:00', '2019-10-08 16:00:00', NULL),
(1068, '2. Perempuan', 1, 52, NULL, 0, 33, 0, 4495, 1, 0, 'Orang', '2017-01-31 16:00:00', '2019-10-08 16:00:00', NULL),
(1069, '1. Laki-Laki', 1, 52, NULL, 0, 33, 0, 4496, 1, 0, 'Orang', '2017-01-31 16:00:00', '2019-10-08 16:00:00', NULL),
(1070, '2. Perempuan', 1, 52, NULL, 0, 33, 0, 4497, 1, 0, 'Orang', '2017-01-31 16:00:00', '2019-10-08 16:00:00', NULL),
(1071, '1. Laki-Laki', 1, 52, NULL, 0, 33, 0, 4498, 1, 0, 'Orang', '2017-01-31 16:00:00', '2019-10-08 16:00:00', NULL),
(1072, '2. Perempuan', 1, 52, NULL, 0, 33, 0, 4499, 1, 0, 'Orang', '2017-01-31 16:00:00', '2019-10-08 16:00:00', NULL),
(1073, '1. Jumlah Pegawai Golongan I', 1, 52, NULL, 0, 33, 105, 4414, 14619, 221, 'Orang', '2017-01-31 16:00:00', '2019-10-08 16:00:00', NULL),
(1074, '2. Jumlah Pegawai Golongan II', 1, 52, NULL, 0, 33, 105, 4415, 14619, 2957, 'Orang', '2017-01-31 16:00:00', '2019-10-08 16:00:00', NULL),
(1075, '3. Jumlah Pegawai Golongan III', 1, 52, NULL, 0, 33, 105, 4416, 14619, 8180, 'Orang', '2017-01-31 16:00:00', '2019-10-08 16:00:00', NULL),
(1076, '4. Jumlah Pegawai Golongan IV', 1, 52, NULL, 0, 33, 105, 4417, 14619, 3482, 'Orang', '2017-01-31 16:00:00', '2019-10-08 16:00:00', NULL),
(1077, '1. Tenaga Pendidik', 1, 52, NULL, 0, 33, 106, 3924, 1, 0, 'Orang', '2017-01-31 16:00:00', '2019-10-08 16:00:00', NULL),
(1078, '2. Tenaga Kesehatan', 1, 52, NULL, 0, 33, 106, 3925, 1, 0, 'Orang', '2017-01-31 16:00:00', '2019-10-08 16:00:00', NULL),
(1079, '3. Tenaga Penyuluh/Pendampingan', 1, 52, NULL, 0, 33, 106, 3926, 1, 0, 'Orang', '2017-01-31 16:00:00', '2019-10-08 16:00:00', NULL),
(1080, '4. Tenaga Kebersihan', 1, 52, NULL, 0, 33, 106, 3927, 1, 0, 'Orang', '2017-01-31 16:00:00', '2019-10-08 16:00:00', NULL),
(1081, '5. Tenaga Keamanan', 1, 52, NULL, 0, 33, 106, 3928, 1, 0, 'Orang', '2017-01-31 16:00:00', '2019-10-08 16:00:00', NULL),
(1082, '6. Tenaga Lainnya', 1, 52, NULL, 0, 33, 106, 3929, 1, 0, 'Orang', '2017-01-31 16:00:00', '2019-10-08 16:00:00', NULL),
(1083, '1. Laki-Laki', 1, 52, NULL, 0, 33, 0, 3930, 14619, 59, 'Orang', '2017-01-31 16:00:00', '2019-10-08 16:00:00', NULL),
(1084, '2. Perempuan', 1, 52, NULL, 0, 33, 0, 3931, 14619, 5, 'Orang', '2017-01-31 16:00:00', '2019-10-08 16:00:00', NULL),
(1085, '2. Jumlah Fraksi', 1, 52, NULL, 0, 33, 0, 2454, 14619, 12, 'Fraksi', '2017-01-31 16:00:00', '2019-10-08 16:00:00', NULL),
(1086, '1. Pajak Daerah', 1, 52, NULL, 0, 33, 107, 4418, 15941, 1037550000000, 'Rp', '2017-01-31 16:00:00', '2019-10-08 16:00:00', NULL),
(1087, '2. Retribusi Daerah', 1, 52, NULL, 0, 33, 107, 4419, 15941, 29890858000, 'Rp', '2017-01-31 16:00:00', '2019-10-08 16:00:00', NULL),
(1088, '3. Hasil Pengelolaan Keuangan Daerah yang Dipisahkan', 1, 52, NULL, 0, 33, 107, 4420, 15941, 157965000000, 'Rp', '2017-01-31 16:00:00', '2019-10-08 16:00:00', NULL),
(1089, '4. Lain-Lain PAD yang Sah', 1, 52, NULL, 0, 33, 107, 4421, 15941, 224640000000, 'Rp', '2017-01-31 16:00:00', '2019-10-08 16:00:00', NULL),
(1090, '1. Pajak', 1, 52, NULL, 0, 33, 0, 4500, 15941, 247954000000, 'Rp', '2017-01-31 16:00:00', '2019-10-08 16:00:00', NULL),
(1091, '2. Non Pajak', 1, 52, NULL, 0, 33, 0, 4501, 1, 0, 'Rp', '2017-01-31 16:00:00', '2019-10-08 16:00:00', NULL),
(1092, '2. Dana Alokasi Umum', 1, 52, NULL, 0, 33, 107, 4423, 15941, 955793000000, 'Rp', '2017-01-31 16:00:00', '2019-10-08 16:00:00', NULL),
(1093, '3. Dana Alokasi Khusus', 1, 52, NULL, 0, 33, 107, 4424, 15941, 1129860000000, 'Rp', '2017-01-31 16:00:00', '2019-10-08 16:00:00', NULL),
(1094, '1. Hibah', 1, 52, NULL, 0, 33, 107, 4425, 15941, 19284510900, 'Rp', '2017-01-31 16:00:00', '2019-10-08 16:00:00', NULL),
(1095, '2. Dana Darurat', 1, 52, NULL, 0, 33, 107, 4426, 1, 0, 'Rp', '2017-01-31 16:00:00', '2019-10-08 16:00:00', NULL),
(1096, '3. Dana Bagi Hasil Pajak', 1, 52, NULL, 0, 33, 107, 4427, 1, 0, 'Rp', '2017-01-31 16:00:00', '2019-10-08 16:00:00', NULL),
(1097, '4. Dana Penyesuaian dan Otonomi Khusus', 1, 52, NULL, 0, 33, 107, 4428, 1, 0, 'Rp', '2017-01-31 16:00:00', '2019-10-08 16:00:00', NULL),
(1098, '5. Bantuan Keuangan', 1, 52, NULL, 0, 33, 107, 4429, 1, 0, 'Rp', '2017-01-31 16:00:00', '2019-10-08 16:00:00', NULL),
(1099, '6. Sumbangan Pihak ke-3', 1, 52, NULL, 0, 33, 107, 4430, 1, 0, 'Rp', '2017-01-31 16:00:00', '2019-10-08 16:00:00', NULL),
(1100, '1. Belanja Pegawai', 1, 52, NULL, 0, 33, 107, 4431, 15941, 584641000000, 'Rp', '2017-01-31 16:00:00', '2019-10-08 16:00:00', NULL),
(1101, '2. Belanja Bunga', 1, 52, NULL, 0, 33, 107, 4432, 1, 0, 'Rp', '2017-01-31 16:00:00', '2019-10-08 16:00:00', NULL),
(1102, '3. Belanja Hibah', 1, 52, NULL, 0, 33, 107, 4433, 15941, 948695000000, 'Rp', '2017-01-31 16:00:00', '2019-10-08 16:00:00', NULL),
(1103, '4. Belanja Bansos', 1, 52, NULL, 0, 33, 107, 4434, 15941, 32734210000, 'Rp', '2017-01-31 16:00:00', '2019-10-08 16:00:00', NULL),
(1104, '5. Belanja Bagi Hasil', 1, 52, NULL, 0, 33, 107, 4435, 15941, 462284000000, 'Rp', '2017-01-31 16:00:00', '2019-10-08 16:00:00', NULL),
(1105, '6. Belanja Bantuan Keuangan', 1, 52, NULL, 0, 33, 107, 4436, 15941, 13234649650, 'Rp', '2017-01-31 16:00:00', '2019-10-08 16:00:00', NULL),
(1106, '7. Belanja Tidak Terduga', 1, 52, NULL, 0, 33, 107, 4437, 14619, 4058967774, 'Rp', '2017-01-31 16:00:00', '2019-10-08 16:00:00', NULL),
(1107, '1. Belanja Pegawai', 1, 52, NULL, 0, 33, 107, 4438, 14619, 133270000000, 'Rp', '2017-01-31 16:00:00', '2019-10-08 16:00:00', NULL),
(1108, '2. Belanja Barang dan Jasa', 1, 52, NULL, 0, 33, 107, 4439, 14619, 888702000000, 'Rp', '2017-01-31 16:00:00', '2019-10-08 16:00:00', NULL),
(1109, '3. Belanja Modal', 1, 52, NULL, 0, 33, 107, 4440, 14619, 696682000000, 'Rp', '2017-01-31 16:00:00', '2019-10-08 16:00:00', NULL),
(1110, '1. Penerimaan Kembali Pemberian Pinjaman Daerah', 1, 52, NULL, 0, 33, 107, 4441, 14619, 1908213613, 'Rp', '2017-01-31 16:00:00', '2019-10-08 16:00:00', NULL),
(1111, '2. Penerimaan Kembali Tuntutan Ganti Rugi', 1, 52, NULL, 0, 33, 107, 4442, 1, 0, 'Rp', '2017-01-31 16:00:00', '2019-10-08 16:00:00', NULL),
(1112, '3. Penerimaan Kembali Pinjaman Dana Bergulir', 1, 52, NULL, 0, 33, 107, 4443, 1, 0, 'Rp', '2017-01-31 16:00:00', '2019-10-08 16:00:00', NULL),
(1113, '4. Penggunaan Silpa Tahun Anggaran Sebelumnya', 1, 52, NULL, 0, 33, 107, 4444, 14619, 196755000000, 'Rp', '2017-01-31 16:00:00', '2019-10-08 16:00:00', NULL),
(1114, '5. Pencairan Dana Cadangan', 1, 52, NULL, 0, 33, 107, 4445, 1, 0, 'Rp', '2017-01-31 16:00:00', '2019-10-08 16:00:00', NULL),
(1115, '1. Pembentukan Dana Cadangan', 1, 52, NULL, 0, 33, 107, 4446, 1, 0, 'Rp', '2017-01-31 16:00:00', '2019-10-08 16:00:00', NULL),
(1116, '2. Penyertaan Modal Pemerintah Daerah', 1, 52, NULL, 0, 33, 107, 4447, 14619, 46004045967, 'Rp', '2017-01-31 16:00:00', '2019-10-08 16:00:00', NULL),
(1117, '3. Pembayaran Pokok Utang', 1, 52, NULL, 0, 33, 107, 4448, 1, 0, 'Rp', '2017-01-31 16:00:00', '2019-10-08 16:00:00', NULL),
(1118, '4. Pemberian Pinjaman Daerah dan Obligasi Daerah', 1, 52, NULL, 0, 33, 107, 4449, 1, 0, 'Rp', '2017-01-31 16:00:00', '2019-10-08 16:00:00', NULL),
(1119, '5. Tuntutan Ganti Rugi Dan Tuntutan Pembendaraan', 1, 52, NULL, 0, 33, 107, 4450, 1, 0, 'Rp', '2017-01-31 16:00:00', '2019-10-08 16:00:00', NULL),
(1120, '3. Pembiayaan Netto', 1, 52, NULL, 0, 33, 0, 3939, 15941, 152659000000, 'Rp', '2017-01-31 16:00:00', '2019-10-08 16:00:00', NULL),
(1121, '4. Sisa Lebih Pembiayaan Anggaran', 1, 52, NULL, 0, 33, 0, 3940, 15941, 338354000000, 'Rp', '2017-01-31 16:00:00', '2019-10-08 16:00:00', NULL),
(1122, '1. Kas dan Setara Kas', 1, 52, NULL, 0, 33, 109, 4451, 1, 0, 'Rp', '2017-01-31 16:00:00', '2019-10-08 16:00:00', NULL),
(1123, '2. Investasi Jangka Pendek', 1, 52, NULL, 0, 33, 109, 4452, 1, 0, 'Rp', '2017-01-31 16:00:00', '2019-10-08 16:00:00', NULL),
(1124, '3. Piutang Pendapatan', 1, 52, NULL, 0, 33, 109, 4453, 1, 0, 'Rp', '2017-01-31 16:00:00', '2019-10-08 16:00:00', NULL),
(1125, '4. Piutang Lainnya', 1, 52, NULL, 0, 33, 109, 4454, 1, 0, 'Rp', '2017-01-31 16:00:00', '2019-10-08 16:00:00', NULL),
(1126, '5. Penyisihan Piutang', 1, 52, NULL, 0, 33, 109, 4455, 1, 0, 'Rp', '2017-01-31 16:00:00', '2019-10-08 16:00:00', NULL),
(1127, '6. Beban Dibayar Dimuka', 1, 52, NULL, 0, 33, 109, 4456, 1, 0, 'Rp', '2017-01-31 16:00:00', '2019-10-08 16:00:00', NULL),
(1128, '7. Persediaan', 1, 52, NULL, 0, 33, 109, 4457, 1, 0, 'Rp', '2017-01-31 16:00:00', '2019-10-08 16:00:00', NULL),
(1129, '8. Aset Untuk Dikonsolidasikan', 1, 52, NULL, 0, 33, 109, 4458, 1, 0, 'Rp', '2017-01-31 16:00:00', '2019-10-08 16:00:00', NULL),
(1130, '1. Investasi Jangka Panjang Non Permanen', 1, 52, NULL, 0, 33, 109, 4459, 1, 0, 'Rp', '2017-01-31 16:00:00', '2019-10-08 16:00:00', NULL),
(1131, '2. Investasi Jangka Panjang Permanen', 1, 52, NULL, 0, 33, 109, 4460, 1, 0, 'Rp', '2017-01-31 16:00:00', '2019-10-08 16:00:00', NULL),
(1132, '1. Tanah', 1, 52, NULL, 0, 33, 109, 4461, 1, 0, 'Rp', '2017-01-31 16:00:00', '2019-10-08 16:00:00', NULL),
(1133, '2. Peralatan dan Mesin', 1, 52, NULL, 0, 33, 109, 4462, 1, 0, 'Rp', '2017-01-31 16:00:00', '2019-10-08 16:00:00', NULL),
(1134, '3. Gedung dan Bangunan', 1, 52, NULL, 0, 33, 109, 4463, 1, 0, 'Rp', '2017-01-31 16:00:00', '2019-10-08 16:00:00', NULL),
(1135, '\"4. Jalan, Irigasi, Dan Jaringan\"', 1, 52, NULL, 0, 33, 109, 4464, 1, 0, 'Rp', '2017-01-31 16:00:00', '2019-10-08 16:00:00', NULL),
(1136, '5. Aset Tetap Lainnya', 1, 52, NULL, 0, 33, 109, 4465, 1, 0, 'Rp', '2017-01-31 16:00:00', '2019-10-08 16:00:00', NULL),
(1137, '6. Konstruksi Dalam Pengerjaan', 1, 52, NULL, 0, 33, 109, 4466, 1, 0, 'Rp', '2017-01-31 16:00:00', '2019-10-08 16:00:00', NULL),
(1138, '7. Akumulasi Penyusutan', 1, 52, NULL, 0, 33, 109, 4467, 1, 0, 'Rp', '2017-01-31 16:00:00', '2019-10-08 16:00:00', NULL),
(1139, '1. Dana Cadangan', 1, 52, NULL, 0, 33, 109, 4468, 1, 0, 'Rp', '2017-01-31 16:00:00', '2019-10-08 16:00:00', NULL),
(1140, '1. Tagihan Jangka Panjang', 1, 52, NULL, 0, 33, 109, 4469, 1, 0, 'Rp', '2017-01-31 16:00:00', '2019-10-08 16:00:00', NULL),
(1141, '2. Kemitraan Dengan Pihak Ketiga', 1, 52, NULL, 0, 33, 109, 4470, 1, 0, 'Rp', '2017-01-31 16:00:00', '2019-10-08 16:00:00', NULL),
(1142, '3. Aset Tidak Berwujud', 1, 52, NULL, 0, 33, 109, 4471, 1, 0, 'Rp', '2017-01-31 16:00:00', '2019-10-08 16:00:00', NULL),
(1143, '4. Aset Lain-Lain', 1, 52, NULL, 0, 33, 109, 4472, 1, 0, 'Rp', '2017-01-31 16:00:00', '2019-10-08 16:00:00', NULL),
(1144, '1. Utang Perhitungan Pihak Ketiga (Pfk)', 1, 52, NULL, 0, 33, 109, 4473, 1, 0, 'Rp', '2017-01-31 16:00:00', '2019-10-08 16:00:00', NULL),
(1145, '2. Utang Bunga', 1, 52, NULL, 0, 33, 109, 4474, 1, 0, 'Rp', '2017-01-31 16:00:00', '2019-10-08 16:00:00', NULL),
(1146, '3. Bagian Lancar Utang Jangka Panjang', 1, 52, NULL, 0, 33, 109, 4475, 1, 0, 'Rp', '2017-01-31 16:00:00', '2019-10-08 16:00:00', NULL),
(1147, '4. Pendapatan Diterima Dimuka', 1, 52, NULL, 0, 33, 109, 4476, 1, 0, 'Rp', '2017-01-31 16:00:00', '2019-10-08 16:00:00', NULL),
(1148, '5. Utang Belanja', 1, 52, NULL, 0, 33, 109, 4477, 1, 0, 'Rp', '2017-01-31 16:00:00', '2019-10-08 16:00:00', NULL),
(1149, '6. Utang Jangka Pendek Lainnya', 1, 52, NULL, 0, 33, 109, 4478, 1, 0, 'Rp', '2017-01-31 16:00:00', '2019-10-08 16:00:00', NULL),
(1150, '1. Utang Dalam Negeri', 1, 52, NULL, 0, 33, 109, 4479, 1, 0, 'Rp', '2017-01-31 16:00:00', '2019-10-08 16:00:00', NULL),
(1151, '2. Utang Jangka Panjang Lainnya', 1, 52, NULL, 0, 33, 109, 4480, 1, 0, 'Rp', '2017-01-31 16:00:00', '2019-10-08 16:00:00', NULL),
(1152, '1. Ekuitas', 1, 52, NULL, 0, 33, 109, 4481, 1, 0, 'Rp', '2017-01-31 16:00:00', '2019-10-08 16:00:00', NULL),
(1153, '2. Ekuitas Sal', 1, 52, NULL, 0, 33, 109, 4482, 1, 0, 'Rp', '2017-01-31 16:00:00', '2019-10-08 16:00:00', NULL),
(1154, '3. Ekuitas Untuk Dikonsolidasikan', 1, 52, NULL, 0, 33, 109, 4483, 1, 0, 'Rp', '2017-01-31 16:00:00', '2019-10-08 16:00:00', NULL),
(1155, '4. Rasio Lancar', 1, 52, NULL, 0, 33, 110, 2461, 1, 0, '%', '2017-01-31 16:00:00', '2019-10-08 16:00:00', NULL),
(1156, '5. Rasio Quick', 1, 52, NULL, 0, 33, 110, 2462, 1, 0, '%', '2017-01-31 16:00:00', '2019-10-08 16:00:00', NULL),
(1157, '6. Rasio Total Hutang Terhadap Total Aset', 1, 52, NULL, 0, 33, 110, 2463, 1, 0, '%', '2017-01-31 16:00:00', '2019-10-08 16:00:00', NULL),
(1158, '7. Rasio Hutang Terhadap Modal', 1, 52, NULL, 0, 33, 110, 2464, 1, 0, '%', '2017-01-31 16:00:00', '2019-10-08 16:00:00', NULL),
(1159, '\"1. PDRB Pertanian, Kehutanan dan Perikanan\"', 1, 52, NULL, 0, 33, 111, 3965, 14619, 27230174.64, 'Rp', '2017-01-31 16:00:00', '2019-10-08 16:00:00', NULL),
(1160, '2. PDRB Pertambangan & Penggalian', 1, 52, NULL, 0, 33, 111, 3964, 14619, 24108618.77, 'Rp', '2017-01-31 16:00:00', '2019-10-08 16:00:00', NULL),
(1161, '3. PDRB Industri Pengolahan', 1, 52, NULL, 0, 33, 111, 3959, 14619, 4909792.54, 'Rp', '2017-01-31 16:00:00', '2019-10-08 16:00:00', NULL),
(1162, '4. PDRB Pengadaan Listrik dan Gas', 1, 52, NULL, 0, 33, 111, 3963, 14619, 90623.86, 'Rp', '2017-01-31 16:00:00', '2019-10-08 16:00:00', NULL),
(1163, '\"5. PDRB Pengadaan Air, Pengelolaan Sampah, Limbah dan Daur Ulang\"', 1, 52, NULL, 0, 33, 111, 3962, 14619, 105618.75, 'Rp', '2017-01-31 16:00:00', '2019-10-08 16:00:00', NULL),
(1164, '6. PDRB Konstruksi', 1, 52, NULL, 0, 33, 111, 3949, 14619, 10987929.08, 'Rp', '2017-01-31 16:00:00', '2019-10-08 16:00:00', NULL),
(1165, '\"7. PDRB Perdagangan Besar Dan Eceran, Reparasi Mobil Dan Sepeda Motor\"', 1, 52, NULL, 0, 33, 111, 3950, 14619, 16380764.71, 'Rp', '2017-01-31 16:00:00', '2019-10-08 16:00:00', NULL),
(1166, '8. PDRB Transportasi Dan Pergudangan', 1, 52, NULL, 0, 33, 111, 3951, 14619, 8917868.51, 'Rp', '2017-01-31 16:00:00', '2019-10-08 16:00:00', NULL),
(1167, '9. PDRB Penyediaan Akomodasi Dan Makan Minum', 1, 52, NULL, 0, 33, 111, 3952, 14619, 2826850.28, 'Rp', '2017-01-31 16:00:00', '2019-10-08 16:00:00', NULL),
(1168, '10. PDRB Informasi dan Komunikasi', 1, 52, NULL, 0, 33, 111, 3953, 14619, 2303211.26, 'Rp', '2017-01-31 16:00:00', '2019-10-08 16:00:00', NULL),
(1169, '11. PDRB Jasa Keuangan Dan Asuransi', 1, 52, NULL, 0, 33, 111, 3954, 14619, 4257336.43, 'Rp', '2017-01-31 16:00:00', '2019-10-08 16:00:00', NULL),
(1170, '12. PDRB Real Estate', 1, 52, NULL, 0, 33, 111, 3955, 14619, 3834423.24, 'Rp', '2017-01-31 16:00:00', '2019-10-08 16:00:00', NULL),
(1171, '13. PDRB Jasa Perusahaan', 1, 52, NULL, 0, 33, 111, 3958, 14619, 211104.15, 'Rp', '2017-01-31 16:00:00', '2019-10-08 16:00:00', NULL),
(1172, '\"14. PDRB Administrasi Pemerintahan, Pertahanan Dan Jaminan Sosial Wajib\"', 1, 52, NULL, 0, 33, 111, 3957, 14619, 7437794.89, 'Rp', '2017-01-31 16:00:00', '2019-10-08 16:00:00', NULL),
(1173, '15. PDRB Pendidikan', 1, 52, NULL, 0, 33, 111, 3956, 14619, 5680642.63, 'Rp', '2017-01-31 16:00:00', '2019-10-08 16:00:00', NULL),
(1174, '16. PDRB Kesehatan Dan Kegiatan Sosial', 1, 52, NULL, 0, 33, 111, 3961, 14619, 2184443.83, 'Rp', '2017-01-31 16:00:00', '2019-10-08 16:00:00', NULL),
(1175, '17. PDRB Jasa Lainnya', 1, 52, NULL, 0, 33, 111, 3960, 14619, 2459700.46, 'Rp', '2017-01-31 16:00:00', '2019-10-08 16:00:00', NULL),
(1176, '\"1. PDRB Pertanian, Kehutanan dan Perikanan\"', 1, 52, NULL, 0, 33, 112, 3980, 14619, 20879656.82, 'Rp', '2017-01-31 16:00:00', '2019-10-08 16:00:00', NULL),
(1177, '2. PDRB Pertambangan & Penggalian', 1, 52, NULL, 0, 33, 112, 3979, 14619, 19635136.64, 'Rp', '2017-01-31 16:00:00', '2019-10-08 16:00:00', NULL),
(1178, '3. PDRB Industri Pengolahan', 1, 52, NULL, 0, 33, 112, 3970, 14619, 4206655.1, 'Rp', '2017-01-31 16:00:00', '2019-10-08 16:00:00', NULL),
(1179, '4. PDRB Pengadaan Listrik dan Gas', 1, 52, NULL, 0, 33, 112, 3969, 14619, 78058.29, 'Rp', '2017-01-31 16:00:00', '2019-10-08 16:00:00', NULL),
(1180, '\"5. PDRB Pengadaan Air, Pengelolaan Sampah, Limbah dan Daur Ulang\"', 1, 52, NULL, 0, 33, 112, 3974, 14619, 72453.21, 'Rp', '2017-01-31 16:00:00', '2019-10-08 16:00:00', NULL),
(1181, '6. PDRB Konstruksi', 1, 52, NULL, 0, 33, 112, 3977, 14619, 9054621.41, 'Rp', '2017-01-31 16:00:00', '2019-10-08 16:00:00', NULL),
(1182, '\"7. PDRB Perdagangan Besar Dan Eceran, Reparasi Mobil Dan Sepeda Motor\"', 1, 52, NULL, 0, 33, 112, 3978, 14619, 12111622.87, 'Rp', '2017-01-31 16:00:00', '2019-10-08 16:00:00', NULL),
(1183, '8. PDRB Transportasi Dan Pergudangan', 1, 52, NULL, 0, 33, 112, 3973, 14619, 6344726.11, 'Rp', '2017-01-31 16:00:00', '2019-10-08 16:00:00', NULL),
(1184, '9. PDRB Penyediaan Akomodasi Dan Makan Minum', 1, 52, NULL, 0, 33, 112, 3972, 14619, 1663016.06, 'Rp', '2017-01-31 16:00:00', '2019-10-08 16:00:00', NULL),
(1185, '10. PDRB Informasi dan Komunikasi', 1, 52, NULL, 0, 33, 112, 3968, 14619, 2157765.38, 'Rp', '2017-01-31 16:00:00', '2019-10-08 16:00:00', NULL),
(1186, '11. PDRB Jasa Keuangan Dan Asuransi', 1, 52, NULL, 0, 33, 112, 3971, 14619, 3074943.13, 'Rp', '2017-01-31 16:00:00', '2019-10-08 16:00:00', NULL),
(1187, '12. PDRB Real Estate', 1, 52, NULL, 0, 33, 112, 3967, 14619, 2678341.08, 'Rp', '2017-01-31 16:00:00', '2019-10-08 16:00:00', NULL),
(1188, '13. PDRB Jasa Perusahaan', 1, 52, NULL, 0, 33, 112, 3966, 14619, 157586.61, 'Rp', '2017-01-31 16:00:00', '2019-10-08 16:00:00', NULL),
(1189, '\"14. PDRB Administrasi Pemerintahan, Pertahanan Dan Jaminan Sosial Wajib\"', 1, 52, NULL, 0, 33, 112, 3976, 14619, 4640840.97, 'Rp', '2017-01-31 16:00:00', '2019-10-08 16:00:00', NULL),
(1190, '15. PDRB Pendidikan', 1, 52, NULL, 0, 33, 112, 3975, 14619, 4062119.86, 'Rp', '2017-01-31 16:00:00', '2019-10-08 16:00:00', NULL),
(1191, '16. PDRB Kesehatan Dan Kegiatan Sosial', 1, 52, NULL, 0, 33, 112, 3981, 14619, 1825594.94, 'Rp', '2017-01-31 16:00:00', '2019-10-08 16:00:00', NULL),
(1192, '17. PDRB Jasa Lainnya', 1, 52, NULL, 0, 33, 112, 3982, 14619, 2001854.72, 'Rp', '2017-01-31 16:00:00', '2019-10-08 16:00:00', NULL),
(1193, '\"6. Laju Pertumbuhan Ekonomi Daerah (Kabupaten,Kota Dan Provinsi)\"', 1, 52, NULL, 0, 33, 113, 838, 14619, 7.1, '', '2017-01-31 16:00:00', '2019-10-08 16:00:00', NULL),
(1194, '7. Laju Inflasi', 1, 52, NULL, 0, 33, 113, 839, 14619, 3.7, '', '2017-01-31 16:00:00', '2019-10-08 16:00:00', NULL),
(1195, '8. Indeks Gini', 1, 52, NULL, 0, 33, 113, 840, 14619, 0.378, '', '2017-01-31 16:00:00', '2019-10-08 16:00:00', NULL),
(1196, '9. IPM', 1, 52, NULL, 0, 33, 113, 841, 14619, 65.81, '', '2017-01-31 16:00:00', '2019-10-08 16:00:00', NULL),
(1197, '1. Jumlah Hasil Tangkapan Ikan', 2, 52, NULL, 0, 25, 237, 652, 1, 170166.2, '', '2017-04-30 16:00:00', '2019-10-13 16:00:00', NULL),
(1198, '2. Nilai Hasil Tangkapan Ikan', 2, 52, NULL, 0, 25, 237, 653, 1, 1828887064, '', '2017-04-30 16:00:00', '2019-10-13 16:00:00', NULL),
(1199, '3. Jumlah Hasil Tangkapan Lainnya', 2, 52, NULL, 0, 25, 237, 654, 1, 0, '', '2017-04-30 16:00:00', '2019-10-13 16:00:00', NULL),
(1200, '4. Nilai Hasil Laut Lainnya', 2, 52, NULL, 0, 25, 237, 655, 1, 0, '', '2017-04-30 16:00:00', '2019-10-13 16:00:00', NULL),
(1201, '5. Jumlah Nelayan', 2, 52, NULL, 0, 25, 237, 656, 1, 65690, '', '2017-04-30 16:00:00', '2019-10-13 16:00:00', NULL),
(1202, '1. Jukung', 2, 52, NULL, 0, 25, 238, 3450, 1, 0, 'Unit', '2017-04-30 16:00:00', '2019-10-13 16:00:00', NULL),
(1203, '2. Perahu', 2, 52, NULL, 0, 25, 238, 3451, 1, 0, 'Unit', '2017-04-30 16:00:00', '2019-10-13 16:00:00', NULL),
(1204, '2. Perahu Motor Tempel', 2, 52, NULL, 0, 25, 238, 1902, 1, 0, 'Unit', '2017-04-30 16:00:00', '2019-10-13 16:00:00', NULL),
(1205, '1. < 5 GT', 2, 52, NULL, 0, 25, 238, 3452, 1, 0, 'Unit', '2017-04-30 16:00:00', '2019-10-13 16:00:00', NULL),
(1206, '2. 5-10 GT', 2, 52, NULL, 0, 25, 238, 3453, 1, 0, 'Unit', '2017-04-30 16:00:00', '2019-10-13 16:00:00', NULL),
(1207, '3. 10-20 GT', 2, 52, NULL, 0, 25, 238, 3454, 1, 0, 'Unit', '2017-04-30 16:00:00', '2019-10-13 16:00:00', NULL),
(1208, '4. 20-30 GT', 2, 52, NULL, 0, 25, 238, 3455, 1, 0, 'Unit', '2017-04-30 16:00:00', '2019-10-13 16:00:00', NULL),
(1209, '5. 30-50 GT', 2, 52, NULL, 0, 25, 238, 3456, 1, 0, 'Unit', '2017-04-30 16:00:00', '2019-10-13 16:00:00', NULL),
(1210, '6. 50-100 GT', 2, 52, NULL, 0, 25, 238, 3457, 1, 0, 'Unit', '2017-04-30 16:00:00', '2019-10-13 16:00:00', NULL),
(1211, '7. 100-200 GT', 2, 52, NULL, 0, 25, 238, 3458, 1, 0, 'Unit', '2017-04-30 16:00:00', '2019-10-13 16:00:00', NULL),
(1212, '8. 200-300 GT', 2, 52, NULL, 0, 25, 238, 3459, 1, 0, 'Unit', '2017-04-30 16:00:00', '2019-10-13 16:00:00', NULL),
(1213, '9. > 300 GT', 2, 52, NULL, 0, 25, 238, 3460, 1, 0, 'Unit', '2017-04-30 16:00:00', '2019-10-13 16:00:00', NULL),
(1214, '1. Memiliki Ijin', 2, 52, NULL, 0, 25, 0, 3461, 1, 0, 'Unit', '2017-04-30 16:00:00', '2019-10-13 16:00:00', NULL),
(1215, '2. Tidak Memiliki Ijin', 2, 52, NULL, 0, 25, 0, 3462, 1, 0, 'Unit', '2017-04-30 16:00:00', '2019-10-13 16:00:00', NULL),
(1216, '1. Memiliki Ijin', 2, 52, NULL, 0, 25, 0, 3463, 1, 0, 'Unit', '2017-04-30 16:00:00', '2019-10-13 16:00:00', NULL),
(1217, '2. Tidak Memiliki Ijin', 2, 52, NULL, 0, 25, 0, 3464, 1, 0, 'Unit', '2017-04-30 16:00:00', '2019-10-13 16:00:00', NULL),
(1218, '1. Memiliki Ijin', 2, 52, NULL, 0, 25, 0, 3465, 1, 0, 'Unit', '2017-04-30 16:00:00', '2019-10-13 16:00:00', NULL),
(1219, '2. Tidak Memiliki Ijin', 2, 52, NULL, 0, 25, 0, 3466, 1, 0, 'Unit', '2017-04-30 16:00:00', '2019-10-13 16:00:00', NULL),
(1220, '1. Memiliki Ijin', 2, 52, NULL, 0, 25, 0, 3467, 1, 0, 'Unit', '2017-04-30 16:00:00', '2019-10-13 16:00:00', NULL),
(1221, '2. Tidak Memiliki Ijin', 2, 52, NULL, 0, 25, 0, 3468, 1, 0, 'Unit', '2017-04-30 16:00:00', '2019-10-13 16:00:00', NULL),
(1222, '1. Memiliki Ijin', 2, 52, NULL, 0, 25, 0, 3469, 1, 0, 'Unit', '2017-04-30 16:00:00', '2019-10-13 16:00:00', NULL),
(1223, '2. Tidak Memiliki Ijin', 2, 52, NULL, 0, 25, 0, 3470, 1, 0, 'Unit', '2017-04-30 16:00:00', '2019-10-13 16:00:00', NULL),
(1224, '1. Memiliki Ijin', 2, 52, NULL, 0, 25, 0, 3471, 1, 0, 'Unit', '2017-04-30 16:00:00', '2019-10-13 16:00:00', NULL),
(1225, '2. Tidak Memiliki Ijin', 2, 52, NULL, 0, 25, 0, 3472, 1, 0, 'Unit', '2017-04-30 16:00:00', '2019-10-13 16:00:00', NULL),
(1226, '1. Jumlah Kasus', 2, 52, NULL, 0, 25, 239, 1910, 1, 0, 'Kasus', '2017-04-30 16:00:00', '2019-10-13 16:00:00', NULL),
(1227, '2. Nilai Kerugian', 2, 52, NULL, 0, 25, 239, 1911, 1, 0, 'Rp', '2017-04-30 16:00:00', '2019-10-13 16:00:00', NULL),
(1228, '3. Jumlah Kapal Pencuri Ikan yang Disita', 2, 52, NULL, 0, 25, 239, 1912, 1, 0, 'Unit', '2017-04-30 16:00:00', '2019-10-13 16:00:00', NULL),
(1229, '9. Jumlah Tempat Pelelangan Ikan ', 2, 52, NULL, 0, 25, 240, 660, 1, 0, '', '2017-04-30 16:00:00', '2019-10-13 16:00:00', NULL),
(1230, '10. Jumlah Cold Storage', 2, 52, NULL, 0, 25, 240, 661, 1, 0, '', '2017-04-30 16:00:00', '2019-10-13 16:00:00', NULL),
(1231, '1. Jumlah Dermaga Tambat Perahu Penangkap Ikan Rakyat', 2, 52, NULL, 0, 25, 240, 1913, 1, 0, 'Dermaga', '2017-04-30 16:00:00', '2019-10-13 16:00:00', NULL),
(1232, '2. Jumlah Dermaga Tambat Kapal Penangkap Ikan Rakyat', 2, 52, NULL, 0, 25, 240, 1914, 1, 0, 'Dermaga', '2017-04-30 16:00:00', '2019-10-13 16:00:00', NULL),
(1233, '1. Jumlah Kawasan', 2, 52, NULL, 0, 25, 241, 3473, 1, 0, 'Kawasan', '2017-04-30 16:00:00', '2019-10-13 16:00:00', NULL),
(1234, '2. Luas Kawasan', 2, 52, NULL, 0, 25, 241, 3474, 1, 0, 'Ha', '2017-04-30 16:00:00', '2019-10-13 16:00:00', NULL),
(1235, '1. Jumlah Kawasan', 2, 52, NULL, 0, 25, 241, 3475, 1, 0, 'Kawasan', '2017-04-30 16:00:00', '2019-10-13 16:00:00', NULL),
(1236, '2. Luas Kawasan', 2, 52, NULL, 0, 25, 241, 3476, 1, 0, 'Ha', '2017-04-30 16:00:00', '2019-10-13 16:00:00', NULL),
(1237, '1. Jumlah Kawasan', 2, 52, NULL, 0, 25, 241, 3477, 1, 0, 'Kawasan', '2017-04-30 16:00:00', '2019-10-13 16:00:00', NULL),
(1238, '2. Luas Kawasan', 2, 52, NULL, 0, 25, 241, 3478, 1, 0, 'Ha', '2017-04-30 16:00:00', '2019-10-13 16:00:00', NULL),
(1239, '1. Jumlah Kawasan', 2, 52, NULL, 0, 25, 241, 3479, 1, 0, 'Kawasan', '2017-04-30 16:00:00', '2019-10-13 16:00:00', NULL),
(1240, '2. Luas Kawasan', 2, 52, NULL, 0, 25, 241, 3480, 1, 0, 'Ha', '2017-04-30 16:00:00', '2019-10-13 16:00:00', NULL),
(1241, '1. Jumlah Lokasi Terumbu Karang', 2, 52, NULL, 0, 25, 242, 1919, 1, 0, 'Lokasi', '2017-04-30 16:00:00', '2019-10-13 16:00:00', NULL),
(1242, '2. Luas Terumbu Karang', 2, 52, NULL, 0, 25, 242, 1920, 1, 0, 'Ha', '2017-04-30 16:00:00', '2019-10-13 16:00:00', NULL),
(1243, '1. Baik Sekali (75-100%)', 2, 52, NULL, 0, 25, 242, 3481, 1, 0, 'Ha', '2017-04-30 16:00:00', '2019-10-13 16:00:00', NULL),
(1244, '\"2. Baik (50-74,9%)\"', 2, 52, NULL, 0, 25, 242, 3482, 1, 0, 'Ha', '2017-04-30 16:00:00', '2019-10-13 16:00:00', NULL),
(1245, '\"3. Sedang (25-49,9%)\"', 2, 52, NULL, 0, 25, 242, 3483, 1, 0, 'Ha', '2017-04-30 16:00:00', '2019-10-13 16:00:00', NULL),
(1246, '\"4. Buruk (0-24,9%)\"', 2, 52, NULL, 0, 25, 242, 3484, 1, 0, 'Ha', '2017-04-30 16:00:00', '2019-10-13 16:00:00', NULL),
(1247, '1. Jumlah Petambak Garam', 2, 52, NULL, 0, 25, 243, 1922, 1, 0, 'Orang', '2017-04-30 16:00:00', '2019-10-13 16:00:00', NULL),
(1248, '2. Luas Lahan Tambak Garam', 2, 52, NULL, 0, 25, 243, 1923, 1, 0, 'Ha', '2017-04-30 16:00:00', '2019-10-13 16:00:00', NULL),
(1249, '3. Jumlah Produksi Garam', 2, 52, NULL, 0, 25, 243, 1924, 1, 0, 'Ton', '2017-04-30 16:00:00', '2019-10-13 16:00:00', NULL),
(1250, '4. Nilai Produksi Garam', 2, 52, NULL, 0, 25, 243, 1925, 1, 0, 'Rp', '2017-04-30 16:00:00', '2019-10-13 16:00:00', NULL),
(1251, '1. Jumlah Petani Rumput Laut', 2, 52, NULL, 0, 25, 0, 1926, 1, 0, 'Orang', '2017-04-30 16:00:00', '2019-10-13 16:00:00', NULL),
(1252, '2. Luas Lahan Pertanian Rumput Laut', 2, 52, NULL, 0, 25, 0, 1927, 1, 0, 'Ha', '2017-04-30 16:00:00', '2019-10-13 16:00:00', NULL),
(1253, '3. Jumlah Produksi Rumput Laut', 2, 52, NULL, 0, 25, 0, 1928, 1, 0, 'Ton', '2017-04-30 16:00:00', '2019-10-13 16:00:00', NULL),
(1254, '4. Nilai Produksi Rumput Laut', 2, 52, NULL, 0, 25, 0, 1929, 1, 0, 'Rp', '2017-04-30 16:00:00', '2019-10-13 16:00:00', NULL),
(1255, '1. Jumlah Produksi', 2, 52, NULL, 0, 25, 0, 3485, 1, 0, 'Ton', '2017-04-30 16:00:00', '2019-10-13 16:00:00', NULL),
(1256, '2. Nilai Produksi', 2, 52, NULL, 0, 25, 0, 3486, 1, 0, 'Rp', '2017-04-30 16:00:00', '2019-10-13 16:00:00', NULL),
(1257, '1. Jumlah Produksi', 2, 52, NULL, 0, 25, 0, 3488, 1, 0, 'Ton', '2017-04-30 16:00:00', '2019-10-13 16:00:00', NULL),
(1258, '2. Nilai Produksi', 2, 52, NULL, 0, 25, 0, 3487, 1, 0, 'Rp', '2017-04-30 16:00:00', '2019-10-13 16:00:00', NULL),
(1259, '1. Nilai Produksi', 2, 52, NULL, 0, 25, 0, 3490, 1, 0, 'Rp', '2017-04-30 16:00:00', '2019-10-13 16:00:00', NULL),
(1260, '2. Jumlah Produksi', 2, 52, NULL, 0, 25, 0, 3489, 1, 0, 'Ton', '2017-04-30 16:00:00', '2019-10-13 16:00:00', NULL),
(1261, '1. Jumlah Perusahaan', 2, 52, NULL, 0, 25, 0, 1933, 1, 0, 'Perusahaan', '2017-04-30 16:00:00', '2019-10-13 16:00:00', NULL),
(1262, '2. Jumlah Produksi', 2, 52, NULL, 0, 25, 0, 1934, 1, 0, 'Ton', '2017-04-30 16:00:00', '2019-10-13 16:00:00', NULL),
(1263, '3. Nilai Produksi', 2, 52, NULL, 0, 25, 0, 1935, 1, 0, 'Rp', '2017-04-30 16:00:00', '2019-10-13 16:00:00', NULL),
(1264, '1. Jumlah Pembudidaya Air Laut', 2, 52, NULL, 0, 25, 210, 1936, 1, 0, 'Orang', '2017-04-30 16:00:00', '2019-10-13 16:00:00', NULL),
(1265, '2. Jumlah Produksi', 2, 52, NULL, 0, 25, 210, 1937, 1, 0, 'Ton', '2017-04-30 16:00:00', '2019-10-13 16:00:00', NULL),
(1266, '3. Nilai Produksi', 2, 52, NULL, 0, 25, 210, 1938, 1, 0, 'Rp', '2017-04-30 16:00:00', '2019-10-13 16:00:00', NULL),
(1267, '1. Jumlah Pembudidaya Air Tawar', 2, 52, NULL, 0, 25, 210, 1939, 1, 0, 'Orang', '2017-04-30 16:00:00', '2019-10-13 16:00:00', NULL),
(1268, '2. Jumlah Produksi', 2, 52, NULL, 0, 25, 210, 1940, 1, 0, 'Ton', '2017-04-30 16:00:00', '2019-10-13 16:00:00', NULL),
(1269, '3. Nilai Produksi', 2, 52, NULL, 0, 25, 210, 1941, 1, 0, 'Rp', '2017-04-30 16:00:00', '2019-10-13 16:00:00', NULL),
(1270, '1. Jumlah Pembudidaya Air Payau', 2, 52, NULL, 0, 25, 210, 1942, 1, 0, 'Orang', '2017-04-30 16:00:00', '2019-10-13 16:00:00', NULL),
(1271, '2. Jumlah Produksi', 2, 52, NULL, 0, 25, 210, 1943, 1, 0, 'Ton', '2017-04-30 16:00:00', '2019-10-13 16:00:00', NULL),
(1272, '3. Nilai Produksi', 2, 52, NULL, 0, 25, 210, 1944, 1, 0, 'Rp', '2017-04-30 16:00:00', '2019-10-13 16:00:00', NULL),
(1273, '1. Jumlah Perusahaan', 2, 52, NULL, 0, 25, 0, 1945, 1, 0, 'Perusahaan', '2017-04-30 16:00:00', '2019-10-13 16:00:00', NULL),
(1274, '2. Jumlah Produksi', 2, 52, NULL, 0, 25, 0, 1946, 1, 0, 'Ton', '2017-04-30 16:00:00', '2019-10-13 16:00:00', NULL),
(1275, '3. Nilai Produksi', 2, 52, NULL, 0, 25, 0, 1947, 1, 0, 'Rp', '2017-04-30 16:00:00', '2019-10-13 16:00:00', NULL),
(1276, '1. Jumlah Balai Benih Ikan', 2, 52, NULL, 0, 25, 212, 1948, 1, 0, 'Balai', '2017-04-30 16:00:00', '2019-10-13 16:00:00', NULL),
(1277, '2. Jumlah Produksi Usaha Pembenihan', 2, 52, NULL, 0, 25, 212, 1949, 1, 0, 'Ton', '2017-04-30 16:00:00', '2019-10-13 16:00:00', NULL),
(1278, '3. Nilai Produksi Usaha Pembenihan', 2, 52, NULL, 0, 25, 212, 1950, 1, 0, 'Rp', '2017-04-30 16:00:00', '2019-10-13 16:00:00', NULL),
(1279, '1. Jumlah Pembenihan Ikan Rakyat', 2, 52, NULL, 0, 25, 212, 1951, 1, 0, 'Unit', '2017-04-30 16:00:00', '2019-10-13 16:00:00', NULL),
(1280, '2. Jumlah Produksi Benih Ikan Rakyat', 2, 52, NULL, 0, 25, 212, 1952, 1, 0, 'Ton', '2017-04-30 16:00:00', '2019-10-13 16:00:00', NULL),
(1281, '3. Nilai Produksi Benih Ikan Rakyat', 2, 52, NULL, 0, 25, 212, 1953, 1, 0, 'Rp', '2017-04-30 16:00:00', '2019-10-13 16:00:00', NULL),
(1282, '1. Industri Pengolahan', 2, 52, NULL, 0, 25, 0, 3491, 1, 0, 'Perusahaan', '2017-04-30 16:00:00', '2019-10-13 16:00:00', NULL),
(1283, '2. Hasil Produksi', 2, 52, NULL, 0, 25, 0, 3492, 1, 0, 'Ton', '2017-04-30 16:00:00', '2019-10-13 16:00:00', NULL),
(1284, '3. Nilai Hasil Produksi', 2, 52, NULL, 0, 25, 0, 3493, 1, 0, 'Rp', '2017-04-30 16:00:00', '2019-10-13 16:00:00', NULL),
(1285, '1. Industri Pengolahan', 2, 52, NULL, 0, 25, 0, 3494, 1, 0, 'Perusahaan', '2017-04-30 16:00:00', '2019-10-13 16:00:00', NULL),
(1286, '2. Hasil Produksi', 2, 52, NULL, 0, 25, 0, 3495, 1, 0, 'Ton', '2017-04-30 16:00:00', '2019-10-13 16:00:00', NULL),
(1287, '3. Nilai Hasil Produksi', 2, 52, NULL, 0, 25, 0, 3496, 1, 0, 'Rp', '2017-04-30 16:00:00', '2019-10-13 16:00:00', NULL),
(1288, '1. Industri Pengolahan', 2, 52, NULL, 0, 25, 0, 3497, 1, 0, 'Perusahaan', '2017-04-30 16:00:00', '2019-10-13 16:00:00', NULL),
(1289, '2. Hasil Produksi', 2, 52, NULL, 0, 25, 0, 3498, 1, 0, 'Ton', '2017-04-30 16:00:00', '2019-10-13 16:00:00', NULL),
(1290, '3. Nilai Hasil Produksi', 2, 52, NULL, 0, 25, 0, 3499, 1, 0, 'Rp', '2017-04-30 16:00:00', '2019-10-13 16:00:00', NULL),
(1291, '1. Industri Pengolahan', 2, 52, NULL, 0, 25, 0, 3500, 1, 0, 'Perusahaan', '2017-04-30 16:00:00', '2019-10-13 16:00:00', NULL),
(1292, '2. Hasil Produksi', 2, 52, NULL, 0, 25, 0, 3501, 1, 0, 'Ton', '2017-04-30 16:00:00', '2019-10-13 16:00:00', NULL),
(1293, '3. Nilai Hasil Produksi', 2, 52, NULL, 0, 25, 0, 3502, 1, 0, 'Rp', '2017-04-30 16:00:00', '2019-10-13 16:00:00', NULL),
(1294, '4. Nilai Tukar Pembudidaya Air Laut', 2, 52, NULL, 0, 25, 215, 676, 1, 0, '', '2017-04-30 16:00:00', '2019-10-13 16:00:00', NULL),
(1295, ' KAB. LOMBOK BARAT', 2, 52, 5201, 0, 25, 0, 3503, 1, 0, 'Orang', '2017-04-30 16:00:00', '2019-10-13 16:00:00', NULL),
(1296, ' KAB. LOMBOK TENGAH', 2, 52, 5202, 0, 25, 0, 3503, 1, 0, 'Orang', '2017-04-30 16:00:00', '2019-10-13 16:00:00', NULL),
(1297, ' KAB. LOMBOK TIMUR', 2, 52, 5203, 0, 25, 0, 3503, 1, 0, 'Orang', '2017-04-30 16:00:00', '2019-10-13 16:00:00', NULL),
(1298, 'KAB. SUMBAWA', 2, 52, 5204, 0, 25, 0, 3503, 1, 0, 'Orang', '2017-04-30 16:00:00', '2019-10-13 16:00:00', NULL),
(1299, 'KAB. DOMPU', 2, 52, 5205, 0, 25, 0, 3503, 1, 0, 'Orang', '2017-04-30 16:00:00', '2019-10-13 16:00:00', NULL),
(1300, ' KAB. BIMA', 2, 52, 5206, 0, 25, 0, 3503, 1, 0, 'Orang', '2017-04-30 16:00:00', '2019-10-13 16:00:00', NULL),
(1301, ' KAB. SUMBAWA BARAT', 2, 52, 5207, 0, 25, 0, 3503, 1, 0, 'Orang', '2017-04-30 16:00:00', '2019-10-13 16:00:00', NULL),
(1302, ' KAB. LOMBOK UTARA', 2, 52, 5208, 0, 25, 0, 3503, 1, 0, 'Orang', '2017-04-30 16:00:00', '2019-10-13 16:00:00', NULL),
(1303, ' KOTA MATARAM', 2, 52, 5271, 0, 25, 0, 3503, 1, 0, 'Orang', '2017-04-30 16:00:00', '2019-10-13 16:00:00', NULL),
(1304, ' KOTA BIMA', 2, 52, 5272, 0, 25, 0, 3503, 1, 0, 'Orang', '2017-04-30 16:00:00', '2019-10-13 16:00:00', NULL),
(1305, ' KAB. LOMBOK BARAT', 2, 52, 5201, 0, 25, 0, 3504, 1, 0, 'Orang', '2017-04-30 16:00:00', '2019-10-13 16:00:00', NULL),
(1306, ' KAB. LOMBOK TENGAH', 2, 52, 5202, 0, 25, 0, 3504, 1, 0, 'Orang', '2017-04-30 16:00:00', '2019-10-13 16:00:00', NULL),
(1307, ' KAB. LOMBOK TIMUR', 2, 52, 5203, 0, 25, 0, 3504, 1, 0, 'Orang', '2017-04-30 16:00:00', '2019-10-13 16:00:00', NULL),
(1308, 'KAB. SUMBAWA', 2, 52, 5204, 0, 25, 0, 3504, 1, 0, 'Orang', '2017-04-30 16:00:00', '2019-10-13 16:00:00', NULL),
(1309, 'KAB. DOMPU', 2, 52, 5205, 0, 25, 0, 3504, 1, 0, 'Orang', '2017-04-30 16:00:00', '2019-10-13 16:00:00', NULL),
(1310, ' KAB. BIMA', 2, 52, 5206, 0, 25, 0, 3504, 1, 0, 'Orang', '2017-04-30 16:00:00', '2019-10-13 16:00:00', NULL),
(1311, ' KAB. SUMBAWA BARAT', 2, 52, 5207, 0, 25, 0, 3504, 1, 0, 'Orang', '2017-04-30 16:00:00', '2019-10-13 16:00:00', NULL),
(1312, ' KAB. LOMBOK UTARA', 2, 52, 5208, 0, 25, 0, 3504, 1, 0, 'Orang', '2017-04-30 16:00:00', '2019-10-13 16:00:00', NULL),
(1313, ' KOTA MATARAM', 2, 52, 5271, 0, 25, 0, 3504, 1, 0, 'Orang', '2017-04-30 16:00:00', '2019-10-13 16:00:00', NULL),
(1314, ' KOTA BIMA', 2, 52, 5272, 0, 25, 0, 3504, 1, 0, 'Orang', '2017-04-30 16:00:00', '2019-10-13 16:00:00', NULL),
(1315, ' KAB. LOMBOK BARAT', 2, 52, 5201, 0, 25, 0, 4262, 1, 0, 'Rp', '2017-04-30 16:00:00', '2019-10-13 16:00:00', NULL),
(1316, ' KAB. LOMBOK TENGAH', 2, 52, 5202, 0, 25, 0, 4262, 1, 0, 'Rp', '2017-04-30 16:00:00', '2019-10-13 16:00:00', NULL),
(1317, ' KAB. LOMBOK TIMUR', 2, 52, 5203, 0, 25, 0, 4262, 1, 0, 'Rp', '2017-04-30 16:00:00', '2019-10-13 16:00:00', NULL),
(1318, 'KAB. SUMBAWA', 2, 52, 5204, 0, 25, 0, 4262, 1, 0, 'Rp', '2017-04-30 16:00:00', '2019-10-13 16:00:00', NULL),
(1319, 'KAB. DOMPU', 2, 52, 5205, 0, 25, 0, 4262, 1, 0, 'Rp', '2017-04-30 16:00:00', '2019-10-13 16:00:00', NULL),
(1320, ' KAB. BIMA', 2, 52, 5206, 0, 25, 0, 4262, 1, 0, 'Rp', '2017-04-30 16:00:00', '2019-10-13 16:00:00', NULL),
(1321, ' KAB. SUMBAWA BARAT', 2, 52, 5207, 0, 25, 0, 4262, 1, 0, 'Rp', '2017-04-30 16:00:00', '2019-10-13 16:00:00', NULL),
(1322, ' KAB. LOMBOK UTARA', 2, 52, 5208, 0, 25, 0, 4262, 1, 0, 'Rp', '2017-04-30 16:00:00', '2019-10-13 16:00:00', NULL),
(1323, ' KOTA MATARAM', 2, 52, 5271, 0, 25, 0, 4262, 1, 0, 'Rp', '2017-04-30 16:00:00', '2019-10-13 16:00:00', NULL),
(1324, ' KOTA BIMA', 2, 52, 5272, 0, 25, 0, 4262, 1, 0, 'Rp', '2017-04-30 16:00:00', '2019-10-13 16:00:00', NULL),
(1325, ' KAB. LOMBOK BARAT', 2, 52, 5201, 0, 25, 0, 4263, 1, 0, 'Rp', '2017-04-30 16:00:00', '2019-10-13 16:00:00', NULL),
(1326, ' KAB. LOMBOK TENGAH', 2, 52, 5202, 0, 25, 0, 4263, 1, 0, 'Rp', '2017-04-30 16:00:00', '2019-10-13 16:00:00', NULL),
(1327, ' KAB. LOMBOK TIMUR', 2, 52, 5203, 0, 25, 0, 4263, 1, 0, 'Rp', '2017-04-30 16:00:00', '2019-10-13 16:00:00', NULL),
(1328, 'KAB. SUMBAWA', 2, 52, 5204, 0, 25, 0, 4263, 1, 0, 'Rp', '2017-04-30 16:00:00', '2019-10-13 16:00:00', NULL),
(1329, 'KAB. DOMPU', 2, 52, 5205, 0, 25, 0, 4263, 1, 0, 'Rp', '2017-04-30 16:00:00', '2019-10-13 16:00:00', NULL),
(1330, ' KAB. BIMA', 2, 52, 5206, 0, 25, 0, 4263, 1, 0, 'Rp', '2017-04-30 16:00:00', '2019-10-13 16:00:00', NULL),
(1331, ' KAB. SUMBAWA BARAT', 2, 52, 5207, 0, 25, 0, 4263, 1, 0, 'Rp', '2017-04-30 16:00:00', '2019-10-13 16:00:00', NULL),
(1332, ' KAB. LOMBOK UTARA', 2, 52, 5208, 0, 25, 0, 4263, 1, 0, 'Rp', '2017-04-30 16:00:00', '2019-10-13 16:00:00', NULL),
(1333, ' KOTA MATARAM', 2, 52, 5271, 0, 25, 0, 4263, 1, 0, 'Rp', '2017-04-30 16:00:00', '2019-10-13 16:00:00', NULL),
(1334, ' KOTA BIMA', 2, 52, 5272, 0, 25, 0, 4263, 1, 0, 'Rp', '2017-04-30 16:00:00', '2019-10-13 16:00:00', NULL),
(1335, '5. Nilai Tukar Pembudidaya Air Tawar', 2, 52, NULL, 0, 25, 215, 677, 1, 0, '', '2017-04-30 16:00:00', '2019-10-13 16:00:00', NULL),
(1336, ' KAB. LOMBOK BARAT', 2, 52, 5201, 0, 25, 0, 3507, 1, 0, 'Orang', '2017-04-30 16:00:00', '2019-10-13 16:00:00', NULL),
(1337, ' KAB. LOMBOK TENGAH', 2, 52, 5202, 0, 25, 0, 3507, 1, 0, 'Orang', '2017-04-30 16:00:00', '2019-10-13 16:00:00', NULL),
(1338, ' KAB. LOMBOK TIMUR', 2, 52, 5203, 0, 25, 0, 3507, 1, 0, 'Orang', '2017-04-30 16:00:00', '2019-10-13 16:00:00', NULL),
(1339, 'KAB. SUMBAWA', 2, 52, 5204, 0, 25, 0, 3507, 1, 0, 'Orang', '2017-04-30 16:00:00', '2019-10-13 16:00:00', NULL),
(1340, 'KAB. DOMPU', 2, 52, 5205, 0, 25, 0, 3507, 1, 0, 'Orang', '2017-04-30 16:00:00', '2019-10-13 16:00:00', NULL),
(1341, ' KAB. BIMA', 2, 52, 5206, 0, 25, 0, 3507, 1, 0, 'Orang', '2017-04-30 16:00:00', '2019-10-13 16:00:00', NULL),
(1342, ' KAB. SUMBAWA BARAT', 2, 52, 5207, 0, 25, 0, 3507, 1, 0, 'Orang', '2017-04-30 16:00:00', '2019-10-13 16:00:00', NULL),
(1343, ' KAB. LOMBOK UTARA', 2, 52, 5208, 0, 25, 0, 3507, 1, 0, 'Orang', '2017-04-30 16:00:00', '2019-10-13 16:00:00', NULL),
(1344, ' KOTA MATARAM', 2, 52, 5271, 0, 25, 0, 3507, 1, 0, 'Orang', '2017-04-30 16:00:00', '2019-10-13 16:00:00', NULL),
(1345, ' KOTA BIMA', 2, 52, 5272, 0, 25, 0, 3507, 1, 0, 'Orang', '2017-04-30 16:00:00', '2019-10-13 16:00:00', NULL),
(1346, ' KAB. LOMBOK BARAT', 2, 52, 5201, 0, 25, 0, 3508, 1, 0, 'Orang', '2017-04-30 16:00:00', '2019-10-13 16:00:00', NULL),
(1347, ' KAB. LOMBOK TENGAH', 2, 52, 5202, 0, 25, 0, 3508, 1, 0, 'Orang', '2017-04-30 16:00:00', '2019-10-13 16:00:00', NULL),
(1348, ' KAB. LOMBOK TIMUR', 2, 52, 5203, 0, 25, 0, 3508, 1, 0, 'Orang', '2017-04-30 16:00:00', '2019-10-13 16:00:00', NULL),
(1349, 'KAB. SUMBAWA', 2, 52, 5204, 0, 25, 0, 3508, 1, 0, 'Orang', '2017-04-30 16:00:00', '2019-10-13 16:00:00', NULL),
(1350, 'KAB. DOMPU', 2, 52, 5205, 0, 25, 0, 3508, 1, 0, 'Orang', '2017-04-30 16:00:00', '2019-10-13 16:00:00', NULL),
(1351, ' KAB. BIMA', 2, 52, 5206, 0, 25, 0, 3508, 1, 0, 'Orang', '2017-04-30 16:00:00', '2019-10-13 16:00:00', NULL),
(1352, ' KAB. SUMBAWA BARAT', 2, 52, 5207, 0, 25, 0, 3508, 1, 0, 'Orang', '2017-04-30 16:00:00', '2019-10-13 16:00:00', NULL),
(1353, ' KAB. LOMBOK UTARA', 2, 52, 5208, 0, 25, 0, 3508, 1, 0, 'Orang', '2017-04-30 16:00:00', '2019-10-13 16:00:00', NULL),
(1354, ' KOTA MATARAM', 2, 52, 5271, 0, 25, 0, 3508, 1, 0, 'Orang', '2017-04-30 16:00:00', '2019-10-13 16:00:00', NULL),
(1355, ' KOTA BIMA', 2, 52, 5272, 0, 25, 0, 3508, 1, 0, 'Orang', '2017-04-30 16:00:00', '2019-10-13 16:00:00', NULL),
(1356, ' KAB. LOMBOK BARAT', 2, 52, 5201, 0, 25, 0, 4264, 1, 0, 'Rp', '2017-04-30 16:00:00', '2019-10-13 16:00:00', NULL),
(1357, ' KAB. LOMBOK TENGAH', 2, 52, 5202, 0, 25, 0, 4264, 1, 0, 'Rp', '2017-04-30 16:00:00', '2019-10-13 16:00:00', NULL),
(1358, ' KAB. LOMBOK TIMUR', 2, 52, 5203, 0, 25, 0, 4264, 1, 0, 'Rp', '2017-04-30 16:00:00', '2019-10-13 16:00:00', NULL),
(1359, 'KAB. SUMBAWA', 2, 52, 5204, 0, 25, 0, 4264, 1, 0, 'Rp', '2017-04-30 16:00:00', '2019-10-13 16:00:00', NULL);
INSERT INTO `data` (`id`, `nama_data`, `id_kategori`, `id_prov`, `id_kab_kota`, `kec`, `urusan`, `id_table`, `elemen`, `id_sumber_data`, `nilai`, `satuan`, `tahun`, `created_at`, `updated_at`) VALUES
(1360, 'KAB. DOMPU', 2, 52, 5205, 0, 25, 0, 4264, 1, 0, 'Rp', '2017-04-30 16:00:00', '2019-10-13 16:00:00', NULL),
(1361, ' KAB. BIMA', 2, 52, 5206, 0, 25, 0, 4264, 1, 0, 'Rp', '2017-04-30 16:00:00', '2019-10-13 16:00:00', NULL),
(1362, ' KAB. SUMBAWA BARAT', 2, 52, 5207, 0, 25, 0, 4264, 1, 0, 'Rp', '2017-04-30 16:00:00', '2019-10-13 16:00:00', NULL),
(1363, ' KAB. LOMBOK UTARA', 2, 52, 5208, 0, 25, 0, 4264, 1, 0, 'Rp', '2017-04-30 16:00:00', '2019-10-13 16:00:00', NULL),
(1364, ' KOTA MATARAM', 2, 52, 5271, 0, 25, 0, 4264, 1, 0, 'Rp', '2017-04-30 16:00:00', '2019-10-13 16:00:00', NULL),
(1365, ' KOTA BIMA', 2, 52, 5272, 0, 25, 0, 4264, 1, 0, 'Rp', '2017-04-30 16:00:00', '2019-10-13 16:00:00', NULL),
(1366, ' KAB. LOMBOK BARAT', 2, 52, 5201, 0, 25, 0, 4265, 1, 0, 'Rp', '2017-04-30 16:00:00', '2019-10-13 16:00:00', NULL),
(1367, ' KAB. LOMBOK TENGAH', 2, 52, 5202, 0, 25, 0, 4265, 1, 0, 'Rp', '2017-04-30 16:00:00', '2019-10-13 16:00:00', NULL),
(1368, ' KAB. LOMBOK TIMUR', 2, 52, 5203, 0, 25, 0, 4265, 1, 0, 'Rp', '2017-04-30 16:00:00', '2019-10-13 16:00:00', NULL),
(1369, 'KAB. SUMBAWA', 2, 52, 5204, 0, 25, 0, 4265, 1, 0, 'Rp', '2017-04-30 16:00:00', '2019-10-13 16:00:00', NULL),
(1370, 'KAB. DOMPU', 2, 52, 5205, 0, 25, 0, 4265, 1, 0, 'Rp', '2017-04-30 16:00:00', '2019-10-13 16:00:00', NULL),
(1371, ' KAB. BIMA', 2, 52, 5206, 0, 25, 0, 4265, 1, 0, 'Rp', '2017-04-30 16:00:00', '2019-10-13 16:00:00', NULL),
(1372, ' KAB. SUMBAWA BARAT', 2, 52, 5207, 0, 25, 0, 4265, 1, 0, 'Rp', '2017-04-30 16:00:00', '2019-10-13 16:00:00', NULL),
(1373, ' KAB. LOMBOK UTARA', 2, 52, 5208, 0, 25, 0, 4265, 1, 0, 'Rp', '2017-04-30 16:00:00', '2019-10-13 16:00:00', NULL),
(1374, ' KOTA MATARAM', 2, 52, 5271, 0, 25, 0, 4265, 1, 0, 'Rp', '2017-04-30 16:00:00', '2019-10-13 16:00:00', NULL),
(1375, ' KOTA BIMA', 2, 52, 5272, 0, 25, 0, 4265, 1, 0, 'Rp', '2017-04-30 16:00:00', '2019-10-13 16:00:00', NULL),
(1376, '6. Nilai Tukar Pembudidaya Air Payau', 2, 52, NULL, 0, 25, 215, 678, 1, 0, '', '2017-04-30 16:00:00', '2019-10-13 16:00:00', NULL),
(1377, ' KAB. LOMBOK BARAT', 2, 52, 5201, 0, 25, 0, 3511, 1, 0, 'Orang', '2017-04-30 16:00:00', '2019-10-13 16:00:00', NULL),
(1378, ' KAB. LOMBOK TENGAH', 2, 52, 5202, 0, 25, 0, 3511, 1, 0, 'Orang', '2017-04-30 16:00:00', '2019-10-13 16:00:00', NULL),
(1379, ' KAB. LOMBOK TIMUR', 2, 52, 5203, 0, 25, 0, 3511, 1, 0, 'Orang', '2017-04-30 16:00:00', '2019-10-13 16:00:00', NULL),
(1380, 'KAB. SUMBAWA', 2, 52, 5204, 0, 25, 0, 3511, 1, 0, 'Orang', '2017-04-30 16:00:00', '2019-10-13 16:00:00', NULL),
(1381, 'KAB. DOMPU', 2, 52, 5205, 0, 25, 0, 3511, 1, 0, 'Orang', '2017-04-30 16:00:00', '2019-10-13 16:00:00', NULL),
(1382, ' KAB. BIMA', 2, 52, 5206, 0, 25, 0, 3511, 1, 0, 'Orang', '2017-04-30 16:00:00', '2019-10-13 16:00:00', NULL),
(1383, ' KAB. SUMBAWA BARAT', 2, 52, 5207, 0, 25, 0, 3511, 1, 0, 'Orang', '2017-04-30 16:00:00', '2019-10-13 16:00:00', NULL),
(1384, ' KAB. LOMBOK UTARA', 2, 52, 5208, 0, 25, 0, 3511, 1, 0, 'Orang', '2017-04-30 16:00:00', '2019-10-13 16:00:00', NULL),
(1385, ' KOTA MATARAM', 2, 52, 5271, 0, 25, 0, 3511, 1, 0, 'Orang', '2017-04-30 16:00:00', '2019-10-13 16:00:00', NULL),
(1386, ' KOTA BIMA', 2, 52, 5272, 0, 25, 0, 3511, 1, 0, 'Orang', '2017-04-30 16:00:00', '2019-10-13 16:00:00', NULL),
(1387, ' KAB. LOMBOK BARAT', 2, 52, 5201, 0, 25, 0, 3512, 1, 0, 'Rp', '2017-04-30 16:00:00', '2019-10-13 16:00:00', NULL),
(1388, ' KAB. LOMBOK TENGAH', 2, 52, 5202, 0, 25, 0, 3512, 1, 0, 'Rp', '2017-04-30 16:00:00', '2019-10-13 16:00:00', NULL),
(1389, ' KAB. LOMBOK TIMUR', 2, 52, 5203, 0, 25, 0, 3512, 1, 0, 'Rp', '2017-04-30 16:00:00', '2019-10-13 16:00:00', NULL),
(1390, 'KAB. SUMBAWA', 2, 52, 5204, 0, 25, 0, 3512, 1, 0, 'Rp', '2017-04-30 16:00:00', '2019-10-13 16:00:00', NULL),
(1391, 'KAB. DOMPU', 2, 52, 5205, 0, 25, 0, 3512, 1, 0, 'Rp', '2017-04-30 16:00:00', '2019-10-13 16:00:00', NULL),
(1392, ' KAB. BIMA', 2, 52, 5206, 0, 25, 0, 3512, 1, 0, 'Rp', '2017-04-30 16:00:00', '2019-10-13 16:00:00', NULL),
(1393, ' KAB. SUMBAWA BARAT', 2, 52, 5207, 0, 25, 0, 3512, 1, 0, 'Rp', '2017-04-30 16:00:00', '2019-10-13 16:00:00', NULL),
(1394, ' KAB. LOMBOK UTARA', 2, 52, 5208, 0, 25, 0, 3512, 1, 0, 'Rp', '2017-04-30 16:00:00', '2019-10-13 16:00:00', NULL),
(1395, ' KOTA MATARAM', 2, 52, 5271, 0, 25, 0, 3512, 1, 0, 'Rp', '2017-04-30 16:00:00', '2019-10-13 16:00:00', NULL),
(1396, ' KOTA BIMA', 2, 52, 5272, 0, 25, 0, 3512, 1, 0, 'Rp', '2017-04-30 16:00:00', '2019-10-13 16:00:00', NULL),
(1397, ' KAB. LOMBOK BARAT', 2, 52, 5201, 0, 25, 0, 4266, 1, 0, 'Rp', '2017-04-30 16:00:00', '2019-10-13 16:00:00', NULL),
(1398, ' KAB. LOMBOK TENGAH', 2, 52, 5202, 0, 25, 0, 4266, 1, 0, 'Rp', '2017-04-30 16:00:00', '2019-10-13 16:00:00', NULL),
(1399, ' KAB. LOMBOK TIMUR', 2, 52, 5203, 0, 25, 0, 4266, 1, 0, 'Rp', '2017-04-30 16:00:00', '2019-10-13 16:00:00', NULL),
(1400, 'KAB. SUMBAWA', 2, 52, 5204, 0, 25, 0, 4266, 1, 0, 'Rp', '2017-04-30 16:00:00', '2019-10-13 16:00:00', NULL),
(1401, 'KAB. DOMPU', 2, 52, 5205, 0, 25, 0, 4266, 1, 0, 'Rp', '2017-04-30 16:00:00', '2019-10-13 16:00:00', NULL),
(1402, ' KAB. BIMA', 2, 52, 5206, 0, 25, 0, 4266, 1, 0, 'Rp', '2017-04-30 16:00:00', '2019-10-13 16:00:00', NULL),
(1403, ' KAB. SUMBAWA BARAT', 2, 52, 5207, 0, 25, 0, 4266, 1, 0, 'Rp', '2017-04-30 16:00:00', '2019-10-13 16:00:00', NULL),
(1404, ' KAB. LOMBOK UTARA', 2, 52, 5208, 0, 25, 0, 4266, 1, 0, 'Rp', '2017-04-30 16:00:00', '2019-10-13 16:00:00', NULL),
(1405, ' KOTA MATARAM', 2, 52, 5271, 0, 25, 0, 4266, 1, 0, 'Rp', '2017-04-30 16:00:00', '2019-10-13 16:00:00', NULL),
(1406, ' KOTA BIMA', 2, 52, 5272, 0, 25, 0, 4266, 1, 0, 'Rp', '2017-04-30 16:00:00', '2019-10-13 16:00:00', NULL),
(1407, '2. Jumlah Produksi', 2, 52, NULL, 0, 25, 0, 3513, 1, 0, 'Ton', '2017-04-30 16:00:00', '2019-10-13 16:00:00', NULL),
(1408, ' KAB. LOMBOK BARAT', 2, 52, 5201, 0, 25, 0, 4267, 1, 0, 'Rp', '2017-04-30 16:00:00', '2019-10-13 16:00:00', NULL),
(1409, ' KAB. LOMBOK TENGAH', 2, 52, 5202, 0, 25, 0, 4267, 1, 0, 'Rp', '2017-04-30 16:00:00', '2019-10-13 16:00:00', NULL),
(1410, ' KAB. LOMBOK TIMUR', 2, 52, 5203, 0, 25, 0, 4267, 1, 0, 'Rp', '2017-04-30 16:00:00', '2019-10-13 16:00:00', NULL),
(1411, 'KAB. SUMBAWA', 2, 52, 5204, 0, 25, 0, 4267, 1, 0, 'Rp', '2017-04-30 16:00:00', '2019-10-13 16:00:00', NULL),
(1412, 'KAB. DOMPU', 2, 52, 5205, 0, 25, 0, 4267, 1, 0, 'Rp', '2017-04-30 16:00:00', '2019-10-13 16:00:00', NULL),
(1413, ' KAB. BIMA', 2, 52, 5206, 0, 25, 0, 4267, 1, 0, 'Rp', '2017-04-30 16:00:00', '2019-10-13 16:00:00', NULL),
(1414, ' KAB. SUMBAWA BARAT', 2, 52, 5207, 0, 25, 0, 4267, 1, 0, 'Rp', '2017-04-30 16:00:00', '2019-10-13 16:00:00', NULL),
(1415, ' KAB. LOMBOK UTARA', 2, 52, 5208, 0, 25, 0, 4267, 1, 0, 'Rp', '2017-04-30 16:00:00', '2019-10-13 16:00:00', NULL),
(1416, ' KOTA MATARAM', 2, 52, 5271, 0, 25, 0, 4267, 1, 0, 'Rp', '2017-04-30 16:00:00', '2019-10-13 16:00:00', NULL),
(1417, ' KOTA BIMA', 2, 52, 5272, 0, 25, 0, 4267, 1, 0, 'Rp', '2017-04-30 16:00:00', '2019-10-13 16:00:00', NULL),
(1418, '1. Volume Eksport', 2, 52, NULL, 0, 25, 213, 1967, 1, 0, 'Ton', '2017-04-30 16:00:00', '2019-10-13 16:00:00', NULL),
(1419, '2. Nilai Eksport', 2, 52, NULL, 0, 25, 213, 1968, 1, 0, 'Rp', '2017-04-30 16:00:00', '2019-10-13 16:00:00', NULL),
(1420, '1. Volume Eksport', 2, 52, NULL, 0, 25, 213, 1969, 1, 0, 'Ton', '2017-04-30 16:00:00', '2019-10-13 16:00:00', NULL),
(1421, '2. Nilai Eksport', 2, 52, NULL, 0, 25, 213, 1970, 1, 0, 'Rp', '2017-04-30 16:00:00', '2019-10-13 16:00:00', NULL),
(1422, '1. Volume Eksport', 2, 52, NULL, 0, 25, 213, 1971, 1, 0, 'Ton', '2017-04-30 16:00:00', '2019-10-13 16:00:00', NULL),
(1423, '2. Nilai Eksport', 2, 52, NULL, 0, 25, 213, 1972, 1, 0, 'Rp', '2017-04-30 16:00:00', '2019-10-13 16:00:00', NULL);

-- --------------------------------------------------------

--
-- Struktur dari tabel `kab_kota`
--

CREATE TABLE `kab_kota` (
  `id` int(11) NOT NULL,
  `nama` varchar(255) NOT NULL
) ENGINE=InnoDB DEFAULT CHARSET=latin1;

--
-- Dumping data untuk tabel `kab_kota`
--

INSERT INTO `kab_kota` (`id`, `nama`) VALUES
(5201, 'KAB. LOMBOK BARAT'),
(5202, 'KAB. LOMBOK TENGAH'),
(5203, 'KAB. LOMBOK TIMUR'),
(5204, 'KAB. SUMBAWA'),
(5205, 'KAB. DOMPU'),
(5206, 'KAB. BIMA'),
(5207, 'KAB. SUMBAWA BARAT'),
(5208, 'KAB. LOMBOK UTARA'),
(5271, 'KOTA MATARAM'),
(5272, 'KOTA BIMA');

-- --------------------------------------------------------

--
-- Struktur dari tabel `kategori`
--

CREATE TABLE `kategori` (
  `id` int(11) NOT NULL,
  `id_bagian` int(11) NOT NULL,
  `nama` varchar(255) DEFAULT NULL
) ENGINE=InnoDB DEFAULT CHARSET=latin1;

--
-- Dumping data untuk tabel `kategori`
--

INSERT INTO `kategori` (`id`, `id_bagian`, `nama`) VALUES
(1, 1, 'Umum'),
(2, 2, 'Kelautan dan Perikanan'),
(3, 2, 'Pariwisata'),
(4, 2, 'Pertanian'),
(5, 2, 'Kehutanan'),
(6, 2, 'Energi dan Sumber Daya Mineral'),
(7, 2, 'Perdagangan'),
(8, 2, 'Perindustrian'),
(9, 2, 'Transmigrasi'),
(10, 3, 'Pendidikan'),
(11, 3, 'Kesehatan'),
(12, 3, 'Pekerjaan Umum dan Penataan Ruang'),
(13, 3, 'Perumahan dan Kawasan Permukiman'),
(14, 3, 'Keamanan dan Ketertiban Umum'),
(15, 3, 'Sosial'),
(16, 3, 'Tenaga Kerja'),
(17, 3, 'Pemberdayaan Perempuan dan Perlindungan Anak'),
(18, 3, 'Pangan'),
(19, 3, 'Pertanahan'),
(20, 3, 'Lingkungan Hidup'),
(21, 3, 'Administrasi Kependudukan dan Pencatatan Sipil'),
(22, 3, 'Pemberdayaan Masyarakat Desa'),
(23, 3, 'Pengendalian Penduduk dan Keluarga Berencana'),
(24, 3, 'Perhubungan'),
(25, 3, 'Komunikasi dan Informatika'),
(26, 3, 'Koperasi Usaha Kecil dan Menengah'),
(27, 3, 'Penanaman Modal'),
(28, 3, 'Kepemudaan dan Olahraga'),
(29, 3, 'Kebudayaan'),
(30, 3, 'Perpustakaan'),
(31, 3, 'Kearsipan'),
(32, 4, 'Realisasi Pembangunan'),
(33, 5, 'Rencana Pembangunan');

-- --------------------------------------------------------

--
-- Struktur dari tabel `keterangan`
--

CREATE TABLE `keterangan` (
  `id` int(11) NOT NULL,
  `id_data` int(11) NOT NULL,
  `id_label` int(11) NOT NULL
) ENGINE=InnoDB DEFAULT CHARSET=latin1;

--
-- Dumping data untuk tabel `keterangan`
--

INSERT INTO `keterangan` (`id`, `id_data`, `id_label`) VALUES
(1336, 428, 1),
(1337, 428, 2),
(1338, 429, 1),
(1339, 429, 2),
(1340, 429, 3),
(1341, 430, 1),
(1342, 430, 2),
(1343, 430, 3),
(1344, 431, 1),
(1345, 431, 2),
(1346, 432, 1),
(1347, 432, 2),
(1348, 432, 4),
(1349, 433, 1),
(1350, 433, 2),
(1351, 433, 4),
(1352, 434, 1),
(1353, 434, 2),
(1354, 435, 1),
(1355, 435, 2),
(1356, 435, 5),
(1357, 436, 1),
(1358, 436, 2),
(1359, 436, 5),
(1360, 437, 1),
(1361, 437, 2),
(1362, 438, 1),
(1363, 438, 2),
(1364, 438, 6),
(1365, 439, 1),
(1366, 439, 2),
(1367, 439, 6),
(1368, 440, 1),
(1369, 440, 2),
(1370, 441, 1),
(1371, 441, 2),
(1372, 441, 7),
(1373, 442, 1),
(1374, 442, 2),
(1375, 442, 7),
(1376, 443, 1),
(1377, 443, 2),
(1378, 444, 1),
(1379, 444, 2),
(1380, 444, 8),
(1381, 445, 1),
(1382, 445, 2),
(1383, 445, 8),
(1384, 446, 1),
(1385, 446, 2),
(1386, 447, 1),
(1387, 447, 2),
(1388, 447, 9),
(1389, 448, 1),
(1390, 448, 2),
(1391, 448, 9),
(1392, 449, 1),
(1393, 449, 2),
(1394, 450, 1),
(1395, 450, 2),
(1396, 450, 10),
(1397, 451, 1),
(1398, 451, 2),
(1399, 451, 10),
(1400, 452, 1),
(1401, 452, 2),
(1402, 453, 1),
(1403, 453, 2),
(1404, 453, 11),
(1405, 454, 1),
(1406, 454, 2),
(1407, 454, 11),
(1408, 455, 1),
(1409, 455, 2),
(1410, 456, 1),
(1411, 456, 2),
(1412, 456, 12),
(1413, 457, 1),
(1414, 457, 2),
(1415, 457, 12),
(1416, 458, 1),
(1417, 458, 2),
(1418, 459, 1),
(1419, 459, 2),
(1420, 459, 13),
(1421, 460, 1),
(1422, 460, 2),
(1423, 460, 13),
(1424, 461, 1),
(1425, 462, 1),
(1426, 463, 1),
(1427, 464, 1),
(1428, 464, 14),
(1429, 464, 15),
(1430, 465, 1),
(1431, 465, 14),
(1432, 465, 15),
(1433, 466, 1),
(1434, 466, 14),
(1435, 466, 16),
(1436, 467, 1),
(1437, 467, 14),
(1438, 467, 16),
(1439, 468, 17),
(1440, 469, 17),
(1441, 469, 18),
(1442, 469, 19),
(1443, 469, 20),
(1444, 470, 17),
(1445, 470, 18),
(1446, 470, 19),
(1447, 470, 20),
(1448, 471, 17),
(1449, 471, 18),
(1450, 471, 19),
(1451, 471, 21),
(1452, 472, 17),
(1453, 472, 18),
(1454, 472, 19),
(1455, 472, 21),
(1456, 473, 17),
(1457, 473, 18),
(1458, 474, 17),
(1459, 474, 18),
(1460, 475, 17),
(1461, 475, 18),
(1462, 476, 17),
(1463, 476, 18),
(1464, 477, 17),
(1465, 478, 17),
(1466, 478, 22),
(1467, 478, 23),
(1468, 478, 20),
(1469, 479, 17),
(1470, 479, 22),
(1471, 479, 23),
(1472, 479, 20),
(1473, 480, 17),
(1474, 480, 22),
(1475, 480, 23),
(1476, 480, 21),
(1477, 481, 17),
(1478, 481, 22),
(1479, 481, 23),
(1480, 481, 21),
(1481, 482, 17),
(1482, 482, 22),
(1483, 483, 17),
(1484, 483, 22),
(1485, 484, 17),
(1486, 484, 22),
(1487, 485, 17),
(1488, 485, 22),
(1489, 486, 17),
(1490, 487, 17),
(1491, 487, 24),
(1492, 487, 25),
(1493, 487, 20),
(1494, 488, 17),
(1495, 488, 24),
(1496, 488, 25),
(1497, 488, 20),
(1498, 489, 17),
(1499, 489, 24),
(1500, 489, 25),
(1501, 489, 21),
(1502, 490, 17),
(1503, 490, 24),
(1504, 490, 25),
(1505, 490, 21),
(1506, 491, 17),
(1507, 491, 24),
(1508, 492, 17),
(1509, 492, 24),
(1510, 493, 17),
(1511, 493, 24),
(1512, 494, 17),
(1513, 494, 24),
(1514, 495, 17),
(1515, 496, 17),
(1516, 496, 26),
(1517, 496, 27),
(1518, 496, 20),
(1519, 497, 17),
(1520, 497, 26),
(1521, 497, 27),
(1522, 497, 20),
(1523, 498, 17),
(1524, 498, 26),
(1525, 498, 27),
(1526, 498, 21),
(1527, 499, 17),
(1528, 499, 26),
(1529, 499, 27),
(1530, 499, 21),
(1531, 500, 17),
(1532, 500, 26),
(1533, 501, 17),
(1534, 501, 26),
(1535, 502, 17),
(1536, 502, 26),
(1537, 503, 17),
(1538, 503, 26),
(1539, 504, 17),
(1540, 505, 17),
(1541, 505, 28),
(1542, 505, 29),
(1543, 505, 20),
(1544, 506, 17),
(1545, 506, 28),
(1546, 506, 29),
(1547, 506, 20),
(1548, 507, 17),
(1549, 507, 28),
(1550, 507, 29),
(1551, 507, 21),
(1552, 508, 17),
(1553, 508, 28),
(1554, 508, 29),
(1555, 508, 21),
(1556, 509, 17),
(1557, 509, 28),
(1558, 510, 17),
(1559, 510, 28),
(1560, 511, 17),
(1561, 511, 28),
(1562, 512, 17),
(1563, 512, 28),
(1564, 513, 17),
(1565, 514, 17),
(1566, 514, 30),
(1567, 514, 31),
(1568, 514, 20),
(1569, 515, 17),
(1570, 515, 30),
(1571, 515, 31),
(1572, 515, 20),
(1573, 516, 17),
(1574, 516, 30),
(1575, 516, 31),
(1576, 516, 21),
(1577, 517, 17),
(1578, 517, 30),
(1579, 517, 31),
(1580, 517, 21),
(1581, 518, 17),
(1582, 518, 30),
(1583, 519, 17),
(1584, 519, 30),
(1585, 520, 17),
(1586, 520, 30),
(1587, 521, 17),
(1588, 521, 30),
(1589, 522, 17),
(1590, 523, 17),
(1591, 523, 32),
(1592, 523, 33),
(1593, 523, 20),
(1594, 524, 17),
(1595, 524, 32),
(1596, 524, 33),
(1597, 524, 20),
(1598, 525, 17),
(1599, 525, 32),
(1600, 525, 33),
(1601, 525, 21),
(1602, 526, 17),
(1603, 526, 32),
(1604, 526, 33),
(1605, 526, 21),
(1606, 527, 17),
(1607, 527, 32),
(1608, 528, 17),
(1609, 528, 32),
(1610, 529, 17),
(1611, 529, 32),
(1612, 530, 17),
(1613, 530, 32),
(1614, 531, 17),
(1615, 532, 17),
(1616, 532, 34),
(1617, 532, 35),
(1618, 532, 20),
(1619, 533, 17),
(1620, 533, 34),
(1621, 533, 35),
(1622, 533, 20),
(1623, 534, 17),
(1624, 534, 34),
(1625, 534, 35),
(1626, 534, 21),
(1627, 535, 17),
(1628, 535, 34),
(1629, 535, 35),
(1630, 535, 21),
(1631, 536, 17),
(1632, 536, 34),
(1633, 537, 17),
(1634, 537, 34),
(1635, 538, 17),
(1636, 538, 34),
(1637, 539, 17),
(1638, 539, 34),
(1639, 540, 17),
(1640, 541, 17),
(1641, 541, 36),
(1642, 541, 37),
(1643, 541, 20),
(1644, 542, 17),
(1645, 542, 36),
(1646, 542, 37),
(1647, 542, 20),
(1648, 543, 17),
(1649, 543, 36),
(1650, 543, 37),
(1651, 543, 21),
(1652, 544, 17),
(1653, 544, 36),
(1654, 544, 37),
(1655, 544, 21),
(1656, 545, 17),
(1657, 545, 36),
(1658, 546, 17),
(1659, 546, 36),
(1660, 547, 17),
(1661, 547, 36),
(1662, 548, 17),
(1663, 548, 36),
(1664, 549, 17),
(1665, 550, 17),
(1666, 550, 38),
(1667, 550, 39),
(1668, 550, 20),
(1669, 551, 17),
(1670, 551, 38),
(1671, 551, 39),
(1672, 551, 20),
(1673, 552, 17),
(1674, 552, 38),
(1675, 552, 39),
(1676, 552, 21),
(1677, 553, 17),
(1678, 553, 38),
(1679, 553, 39),
(1680, 553, 21),
(1681, 554, 17),
(1682, 554, 38),
(1683, 555, 17),
(1684, 555, 38),
(1685, 556, 17),
(1686, 556, 38),
(1687, 557, 17),
(1688, 557, 38),
(1689, 558, 17),
(1690, 559, 17),
(1691, 559, 40),
(1692, 559, 41),
(1693, 559, 20),
(1694, 560, 17),
(1695, 560, 40),
(1696, 560, 41),
(1697, 560, 20),
(1698, 561, 17),
(1699, 561, 40),
(1700, 561, 41),
(1701, 561, 21),
(1702, 562, 17),
(1703, 562, 40),
(1704, 562, 41),
(1705, 562, 21),
(1706, 563, 17),
(1707, 563, 40),
(1708, 564, 17),
(1709, 564, 40),
(1710, 565, 17),
(1711, 565, 40),
(1712, 566, 17),
(1713, 566, 40),
(1714, 567, 17),
(1715, 568, 17),
(1716, 568, 42),
(1717, 568, 43),
(1718, 568, 20),
(1719, 569, 17),
(1720, 569, 42),
(1721, 569, 43),
(1722, 569, 20),
(1723, 570, 17),
(1724, 570, 42),
(1725, 570, 43),
(1726, 570, 21),
(1727, 571, 17),
(1728, 571, 42),
(1729, 571, 43),
(1730, 571, 21),
(1731, 572, 17),
(1732, 572, 42),
(1733, 573, 17),
(1734, 573, 42),
(1735, 574, 17),
(1736, 574, 42),
(1737, 575, 17),
(1738, 575, 42),
(1739, 576, 17),
(1740, 577, 17),
(1741, 577, 44),
(1742, 577, 45),
(1743, 577, 20),
(1744, 578, 17),
(1745, 578, 44),
(1746, 578, 45),
(1747, 578, 20),
(1748, 579, 17),
(1749, 579, 44),
(1750, 579, 45),
(1751, 579, 21),
(1752, 580, 17),
(1753, 580, 44),
(1754, 580, 45),
(1755, 580, 21),
(1756, 581, 17),
(1757, 581, 44),
(1758, 582, 17),
(1759, 582, 44),
(1760, 583, 17),
(1761, 583, 44),
(1762, 584, 17),
(1763, 584, 44),
(1764, 585, 17),
(1765, 586, 17),
(1766, 586, 46),
(1767, 586, 47),
(1768, 586, 20),
(1769, 587, 17),
(1770, 587, 46),
(1771, 587, 47),
(1772, 587, 20),
(1773, 588, 17),
(1774, 588, 46),
(1775, 588, 47),
(1776, 588, 21),
(1777, 589, 17),
(1778, 589, 46),
(1779, 589, 47),
(1780, 589, 21),
(1781, 590, 17),
(1782, 590, 46),
(1783, 591, 17),
(1784, 591, 46),
(1785, 592, 17),
(1786, 592, 46),
(1787, 593, 17),
(1788, 593, 46),
(1789, 594, 17),
(1790, 595, 17),
(1791, 595, 48),
(1792, 595, 49),
(1793, 595, 20),
(1794, 596, 17),
(1795, 596, 48),
(1796, 596, 49),
(1797, 596, 20),
(1798, 597, 17),
(1799, 597, 48),
(1800, 597, 49),
(1801, 597, 21),
(1802, 598, 17),
(1803, 598, 48),
(1804, 598, 49),
(1805, 598, 21),
(1806, 599, 17),
(1807, 599, 48),
(1808, 600, 17),
(1809, 600, 48),
(1810, 601, 17),
(1811, 601, 48),
(1812, 602, 17),
(1813, 602, 48),
(1814, 603, 17),
(1815, 604, 17),
(1816, 604, 50),
(1817, 604, 51),
(1818, 604, 20),
(1819, 605, 17),
(1820, 605, 50),
(1821, 605, 51),
(1822, 605, 20),
(1823, 606, 17),
(1824, 606, 50),
(1825, 606, 51),
(1826, 606, 21),
(1827, 607, 17),
(1828, 607, 50),
(1829, 607, 51),
(1830, 607, 21),
(1831, 608, 17),
(1832, 608, 50),
(1833, 609, 17),
(1834, 609, 50),
(1835, 610, 17),
(1836, 610, 50),
(1837, 611, 17),
(1838, 611, 50),
(1839, 612, 17),
(1840, 613, 17),
(1841, 613, 52),
(1842, 613, 53),
(1843, 613, 20),
(1844, 614, 17),
(1845, 614, 52),
(1846, 614, 53),
(1847, 614, 20),
(1848, 615, 17),
(1849, 615, 52),
(1850, 615, 53),
(1851, 615, 21),
(1852, 616, 17),
(1853, 616, 52),
(1854, 616, 53),
(1855, 616, 21),
(1856, 617, 17),
(1857, 617, 52),
(1858, 618, 17),
(1859, 618, 52),
(1860, 619, 17),
(1861, 619, 52),
(1862, 620, 17),
(1863, 620, 52),
(1864, 621, 17),
(1865, 622, 17),
(1866, 622, 54),
(1867, 622, 55),
(1868, 622, 20),
(1869, 623, 17),
(1870, 623, 54),
(1871, 623, 55),
(1872, 623, 20),
(1873, 624, 17),
(1874, 624, 54),
(1875, 624, 55),
(1876, 624, 21),
(1877, 625, 17),
(1878, 625, 54),
(1879, 625, 55),
(1880, 625, 21),
(1881, 626, 17),
(1882, 626, 54),
(1883, 627, 17),
(1884, 627, 54),
(1885, 628, 17),
(1886, 628, 54),
(1887, 629, 17),
(1888, 629, 54),
(1889, 630, 56),
(1890, 630, 18),
(1891, 630, 57),
(1892, 631, 56),
(1893, 631, 18),
(1894, 631, 57),
(1895, 632, 56),
(1896, 632, 18),
(1897, 632, 57),
(1898, 632, 58),
(1899, 633, 56),
(1900, 633, 18),
(1901, 633, 57),
(1902, 633, 58),
(1903, 634, 56),
(1904, 634, 22),
(1905, 634, 59),
(1906, 635, 56),
(1907, 635, 22),
(1908, 635, 59),
(1909, 636, 56),
(1910, 636, 22),
(1911, 636, 59),
(1912, 636, 58),
(1913, 637, 56),
(1914, 637, 22),
(1915, 637, 59),
(1916, 637, 58),
(1917, 638, 56),
(1918, 638, 24),
(1919, 638, 60),
(1920, 639, 56),
(1921, 639, 24),
(1922, 639, 60),
(1923, 640, 56),
(1924, 640, 24),
(1925, 640, 60),
(1926, 640, 58),
(1927, 641, 56),
(1928, 641, 24),
(1929, 641, 60),
(1930, 641, 58),
(1931, 642, 56),
(1932, 642, 26),
(1933, 642, 61),
(1934, 643, 56),
(1935, 643, 26),
(1936, 643, 61),
(1937, 644, 56),
(1938, 644, 26),
(1939, 644, 61),
(1940, 644, 58),
(1941, 645, 56),
(1942, 645, 26),
(1943, 645, 61),
(1944, 645, 58),
(1945, 646, 56),
(1946, 646, 62),
(1947, 646, 63),
(1948, 647, 56),
(1949, 647, 62),
(1950, 647, 63),
(1951, 648, 56),
(1952, 648, 62),
(1953, 648, 63),
(1954, 648, 58),
(1955, 649, 56),
(1956, 649, 62),
(1957, 649, 63),
(1958, 649, 58),
(1959, 650, 56),
(1960, 650, 64),
(1961, 650, 65),
(1962, 651, 56),
(1963, 651, 64),
(1964, 651, 65),
(1965, 652, 56),
(1966, 652, 64),
(1967, 652, 65),
(1968, 652, 58),
(1969, 653, 56),
(1970, 653, 64),
(1971, 653, 65),
(1972, 653, 58),
(1973, 654, 56),
(1974, 654, 66),
(1975, 654, 67),
(1976, 655, 56),
(1977, 655, 66),
(1978, 655, 67),
(1979, 656, 56),
(1980, 656, 66),
(1981, 656, 67),
(1982, 656, 58),
(1983, 657, 56),
(1984, 657, 66),
(1985, 657, 67),
(1986, 657, 58),
(1987, 658, 56),
(1988, 658, 68),
(1989, 658, 69),
(1990, 659, 56),
(1991, 659, 68),
(1992, 659, 69),
(1993, 660, 56),
(1994, 660, 68),
(1995, 660, 69),
(1996, 660, 58),
(1997, 661, 56),
(1998, 661, 68),
(1999, 661, 69),
(2000, 661, 58),
(2001, 662, 56),
(2002, 662, 70),
(2003, 662, 71),
(2004, 663, 56),
(2005, 663, 70),
(2006, 663, 71),
(2007, 664, 56),
(2008, 664, 70),
(2009, 664, 71),
(2010, 664, 58),
(2011, 665, 56),
(2012, 665, 70),
(2013, 665, 71),
(2014, 665, 58),
(2015, 666, 56),
(2016, 666, 72),
(2017, 666, 73),
(2018, 667, 56),
(2019, 667, 72),
(2020, 667, 73),
(2021, 668, 56),
(2022, 668, 72),
(2023, 668, 73),
(2024, 668, 58),
(2025, 669, 56),
(2026, 669, 72),
(2027, 669, 73),
(2028, 669, 58),
(2029, 670, 56),
(2030, 670, 74),
(2031, 670, 75),
(2032, 671, 56),
(2033, 671, 74),
(2034, 671, 75),
(2035, 672, 56),
(2036, 672, 74),
(2037, 672, 75),
(2038, 672, 58),
(2039, 673, 56),
(2040, 673, 74),
(2041, 673, 75),
(2042, 673, 58),
(2043, 674, 56),
(2044, 674, 76),
(2045, 674, 77),
(2046, 675, 56),
(2047, 675, 76),
(2048, 675, 77),
(2049, 676, 56),
(2050, 676, 76),
(2051, 676, 77),
(2052, 676, 58),
(2053, 677, 56),
(2054, 677, 76),
(2055, 677, 77),
(2056, 677, 58),
(2057, 678, 56),
(2058, 678, 78),
(2059, 678, 79),
(2060, 679, 56),
(2061, 679, 78),
(2062, 679, 79),
(2063, 680, 56),
(2064, 680, 78),
(2065, 680, 79),
(2066, 680, 58),
(2067, 681, 56),
(2068, 681, 78),
(2069, 681, 79),
(2070, 681, 58),
(2071, 682, 80),
(2072, 682, 81),
(2073, 682, 82),
(2074, 683, 80),
(2075, 683, 81),
(2076, 683, 82),
(2077, 684, 80),
(2078, 684, 83),
(2079, 684, 84),
(2080, 685, 80),
(2081, 685, 83),
(2082, 685, 84),
(2083, 686, 80),
(2084, 686, 85),
(2085, 686, 86),
(2086, 687, 80),
(2087, 687, 85),
(2088, 687, 86),
(2671, 863, 87),
(2672, 863, 88),
(2673, 864, 87),
(2674, 864, 88),
(2675, 865, 87),
(2676, 865, 89),
(2677, 866, 87),
(2678, 866, 89),
(2679, 867, 87),
(2680, 867, 89),
(2681, 868, 87),
(2682, 868, 89),
(2683, 869, 87),
(2684, 869, 90),
(2685, 870, 87),
(2686, 870, 90),
(2687, 871, 87),
(2688, 871, 90),
(2689, 872, 87),
(2690, 872, 90),
(2691, 873, 87),
(2692, 873, 91),
(2693, 874, 87),
(2694, 874, 91),
(2695, 875, 87),
(2696, 875, 91),
(2697, 876, 87),
(2698, 876, 91),
(2699, 877, 87),
(2700, 877, 92),
(2701, 877, 93),
(2702, 877, 94),
(2703, 878, 87),
(2704, 878, 92),
(2705, 878, 93),
(2706, 878, 94),
(2707, 879, 87),
(2708, 879, 92),
(2709, 879, 93),
(2710, 879, 94),
(2711, 880, 87),
(2712, 880, 92),
(2713, 880, 93),
(2714, 880, 94),
(2715, 881, 87),
(2716, 881, 92),
(2717, 881, 93),
(2718, 881, 94),
(2719, 882, 87),
(2720, 882, 92),
(2721, 882, 93),
(2722, 882, 94),
(2723, 883, 87),
(2724, 883, 92),
(2725, 883, 93),
(2726, 883, 94),
(2727, 884, 87),
(2728, 884, 92),
(2729, 884, 93),
(2730, 884, 94),
(2731, 885, 87),
(2732, 885, 92),
(2733, 885, 93),
(2734, 885, 94),
(2735, 886, 87),
(2736, 886, 92),
(2737, 886, 93),
(2738, 886, 94),
(2739, 887, 87),
(2740, 887, 92),
(2741, 887, 93),
(2742, 887, 95),
(2743, 888, 87),
(2744, 888, 92),
(2745, 888, 93),
(2746, 888, 96),
(2747, 889, 87),
(2748, 889, 92),
(2749, 889, 97),
(2750, 890, 87),
(2751, 890, 92),
(2752, 890, 97),
(2753, 891, 87),
(2754, 891, 92),
(2755, 891, 97),
(2756, 892, 87),
(2757, 892, 92),
(2758, 892, 97),
(2759, 893, 98),
(2760, 893, 99),
(2761, 894, 98),
(2762, 894, 99),
(2763, 894, 100),
(2764, 894, 101),
(2765, 894, 102),
(2766, 895, 98),
(2767, 895, 99),
(2768, 895, 100),
(2769, 895, 101),
(2770, 895, 102),
(2771, 896, 98),
(2772, 896, 99),
(2773, 896, 100),
(2774, 896, 101),
(2775, 896, 103),
(2776, 897, 98),
(2777, 897, 99),
(2778, 897, 100),
(2779, 897, 101),
(2780, 897, 103),
(2781, 898, 98),
(2782, 898, 99),
(2783, 898, 100),
(2784, 898, 101),
(2785, 898, 104),
(2786, 899, 98),
(2787, 899, 99),
(2788, 899, 100),
(2789, 899, 101),
(2790, 899, 104),
(2791, 900, 98),
(2792, 900, 99),
(2793, 900, 100),
(2794, 900, 101),
(2795, 900, 105),
(2796, 901, 98),
(2797, 901, 99),
(2798, 901, 100),
(2799, 901, 101),
(2800, 901, 105),
(2801, 902, 98),
(2802, 902, 99),
(2803, 902, 100),
(2804, 902, 101),
(2805, 902, 106),
(2806, 903, 98),
(2807, 903, 99),
(2808, 903, 100),
(2809, 903, 101),
(2810, 903, 106),
(2811, 904, 98),
(2812, 904, 99),
(2813, 904, 100),
(2814, 904, 101),
(2815, 904, 107),
(2816, 905, 98),
(2817, 905, 99),
(2818, 905, 100),
(2819, 905, 101),
(2820, 905, 107),
(2821, 906, 98),
(2822, 906, 99),
(2823, 906, 100),
(2824, 906, 108),
(2825, 907, 98),
(2826, 907, 99),
(2827, 907, 100),
(2828, 907, 108),
(2829, 908, 98),
(2830, 908, 99),
(2831, 908, 100),
(2832, 908, 108),
(2833, 909, 98),
(2834, 909, 99),
(2835, 909, 100),
(2836, 909, 108),
(2837, 910, 98),
(2838, 910, 99),
(2839, 910, 109),
(2840, 911, 98),
(2841, 911, 99),
(2842, 911, 109),
(2843, 912, 98),
(2844, 912, 99),
(2845, 912, 109),
(2846, 913, 98),
(2847, 913, 99),
(2848, 913, 109),
(2849, 914, 98),
(2850, 914, 99),
(2851, 914, 109),
(2852, 915, 98),
(2853, 915, 99),
(2854, 915, 109),
(2855, 916, 98),
(2856, 916, 110),
(2857, 916, 111),
(2858, 917, 98),
(2859, 917, 110),
(2860, 917, 111),
(2861, 918, 98),
(2862, 918, 110),
(2863, 919, 98),
(2864, 919, 112),
(2865, 919, 113),
(2866, 919, 114),
(2867, 920, 98),
(2868, 920, 112),
(2869, 920, 113),
(2870, 920, 114),
(2871, 921, 98),
(2872, 921, 112),
(2873, 921, 113),
(2874, 921, 114),
(2875, 922, 98),
(2876, 922, 112),
(2877, 922, 113),
(2878, 922, 114),
(2879, 923, 98),
(2880, 923, 112),
(2881, 923, 113),
(2882, 923, 115),
(2883, 923, 116),
(2884, 924, 98),
(2885, 924, 112),
(2886, 924, 113),
(2887, 924, 115),
(2888, 924, 116),
(2889, 925, 98),
(2890, 925, 112),
(2891, 925, 113),
(2892, 925, 115),
(2893, 926, 98),
(2894, 926, 112),
(2895, 926, 113),
(2896, 926, 115),
(2897, 927, 98),
(2898, 927, 112),
(2899, 927, 113),
(2900, 927, 117),
(2901, 928, 98),
(2902, 928, 112),
(2903, 928, 113),
(2904, 928, 117),
(2905, 929, 98),
(2906, 929, 112),
(2907, 929, 113),
(2908, 929, 117),
(2909, 930, 98),
(2910, 930, 112),
(2911, 930, 113),
(2912, 930, 117),
(2913, 931, 98),
(2914, 931, 112),
(2915, 931, 113),
(2916, 931, 117),
(2917, 932, 98),
(2918, 932, 112),
(2919, 932, 113),
(2920, 932, 117),
(2921, 933, 98),
(2922, 933, 112),
(2923, 933, 118),
(2924, 933, 119),
(2925, 934, 98),
(2926, 934, 112),
(2927, 934, 118),
(2928, 934, 119),
(2929, 935, 98),
(2930, 935, 112),
(2931, 935, 118),
(2932, 935, 119),
(2933, 936, 98),
(2934, 936, 112),
(2935, 936, 118),
(2936, 936, 119),
(2937, 937, 98),
(2938, 937, 112),
(2939, 937, 118),
(2940, 937, 119),
(2941, 938, 98),
(2942, 938, 112),
(2943, 938, 118),
(2944, 938, 119),
(2945, 939, 98),
(2946, 939, 112),
(2947, 939, 118),
(2948, 939, 119),
(2949, 940, 98),
(2950, 940, 112),
(2951, 940, 118),
(2952, 940, 120),
(2953, 941, 98),
(2954, 941, 112),
(2955, 941, 118),
(2956, 941, 120),
(2957, 942, 98),
(2958, 942, 112),
(2959, 942, 118),
(2960, 942, 120),
(2961, 943, 98),
(2962, 943, 112),
(2963, 943, 121),
(2964, 943, 122),
(2965, 944, 98),
(2966, 944, 112),
(2967, 944, 121),
(2968, 944, 122),
(2969, 945, 98),
(2970, 945, 112),
(2971, 945, 121),
(2972, 945, 122),
(2973, 946, 98),
(2974, 946, 112),
(2975, 946, 121),
(2976, 946, 122),
(2977, 947, 98),
(2978, 947, 112),
(2979, 947, 121),
(2980, 947, 122),
(2981, 948, 98),
(2982, 948, 112),
(2983, 948, 121),
(2984, 948, 123),
(2985, 949, 98),
(2986, 949, 112),
(2987, 949, 121),
(2988, 949, 123),
(2989, 950, 98),
(2990, 950, 112),
(2991, 950, 121),
(2992, 950, 123),
(2993, 951, 98),
(2994, 951, 112),
(2995, 951, 121),
(2996, 951, 123),
(2997, 952, 98),
(2998, 952, 112),
(2999, 952, 121),
(3000, 952, 123),
(3001, 953, 98),
(3002, 953, 112),
(3003, 953, 121),
(3004, 954, 98),
(3005, 954, 112),
(3006, 954, 121),
(3007, 955, 98),
(3008, 955, 124),
(3009, 955, 125),
(3010, 955, 126),
(3011, 956, 98),
(3012, 956, 124),
(3013, 956, 125),
(3014, 956, 126),
(3015, 957, 98),
(3016, 957, 124),
(3017, 957, 125),
(3018, 957, 126),
(3019, 958, 98),
(3020, 958, 124),
(3021, 958, 125),
(3022, 958, 126),
(3023, 959, 98),
(3024, 959, 124),
(3025, 959, 125),
(3026, 959, 126),
(3027, 960, 98),
(3028, 960, 124),
(3029, 960, 125),
(3030, 960, 126),
(3031, 961, 98),
(3032, 961, 124),
(3033, 961, 125),
(3034, 961, 126),
(3035, 962, 98),
(3036, 962, 124),
(3037, 962, 125),
(3038, 962, 126),
(3039, 963, 98),
(3040, 963, 124),
(3041, 963, 125),
(3042, 963, 127),
(3043, 964, 98),
(3044, 964, 124),
(3045, 964, 125),
(3046, 964, 127),
(3047, 965, 98),
(3048, 965, 124),
(3049, 965, 125),
(3050, 965, 128),
(3051, 966, 98),
(3052, 966, 124),
(3053, 966, 125),
(3054, 966, 128),
(3055, 967, 98),
(3056, 967, 124),
(3057, 967, 125),
(3058, 967, 128),
(3059, 968, 98),
(3060, 968, 124),
(3061, 968, 125),
(3062, 968, 128),
(3063, 969, 98),
(3064, 969, 124),
(3065, 969, 125),
(3066, 969, 128),
(3067, 970, 98),
(3068, 970, 124),
(3069, 970, 125),
(3070, 970, 128),
(3071, 971, 98),
(3072, 971, 124),
(3073, 971, 125),
(3074, 971, 128),
(3075, 972, 98),
(3076, 972, 124),
(3077, 972, 125),
(3078, 972, 129),
(3079, 973, 98),
(3080, 973, 124),
(3081, 973, 125),
(3082, 973, 130),
(3083, 974, 98),
(3084, 974, 124),
(3085, 974, 125),
(3086, 974, 130),
(3087, 975, 98),
(3088, 975, 124),
(3089, 975, 125),
(3090, 975, 130),
(3091, 976, 98),
(3092, 976, 124),
(3093, 976, 125),
(3094, 976, 130),
(3095, 977, 98),
(3096, 977, 124),
(3097, 977, 131),
(3098, 977, 132),
(3099, 978, 98),
(3100, 978, 124),
(3101, 978, 131),
(3102, 978, 132),
(3103, 979, 98),
(3104, 979, 124),
(3105, 979, 131),
(3106, 979, 132),
(3107, 980, 98),
(3108, 980, 124),
(3109, 980, 131),
(3110, 980, 132),
(3111, 981, 98),
(3112, 981, 124),
(3113, 981, 131),
(3114, 981, 132),
(3115, 982, 98),
(3116, 982, 124),
(3117, 982, 131),
(3118, 982, 132),
(3119, 983, 98),
(3120, 983, 124),
(3121, 983, 131),
(3122, 983, 133),
(3123, 984, 98),
(3124, 984, 124),
(3125, 984, 131),
(3126, 984, 133),
(3127, 985, 98),
(3128, 985, 124),
(3129, 985, 134),
(3130, 985, 135),
(3131, 986, 98),
(3132, 986, 124),
(3133, 986, 134),
(3134, 986, 135),
(3135, 987, 98),
(3136, 987, 124),
(3137, 987, 134),
(3138, 987, 135),
(3139, 988, 98),
(3140, 988, 124),
(3141, 989, 98),
(3142, 989, 124),
(3143, 990, 98),
(3144, 990, 124),
(3145, 991, 98),
(3146, 991, 124),
(3147, 992, 98),
(3148, 992, 136),
(3149, 992, 137),
(3150, 993, 98),
(3151, 993, 136),
(3152, 993, 137),
(3153, 994, 98),
(3154, 994, 136),
(3155, 994, 137),
(3156, 995, 98),
(3157, 995, 136),
(3158, 995, 137),
(3159, 996, 98),
(3160, 996, 136),
(3161, 996, 137),
(3162, 997, 98),
(3163, 997, 136),
(3164, 997, 137),
(3165, 998, 98),
(3166, 998, 136),
(3167, 998, 137),
(3168, 999, 98),
(3169, 999, 136),
(3170, 999, 137),
(3171, 1000, 98),
(3172, 1000, 136),
(3173, 1000, 137),
(3174, 1001, 98),
(3175, 1001, 136),
(3176, 1001, 137),
(3177, 1002, 98),
(3178, 1002, 136),
(3179, 1002, 137),
(3180, 1003, 98),
(3181, 1003, 136),
(3182, 1003, 137),
(3183, 1004, 98),
(3184, 1004, 136),
(3185, 1004, 137),
(3186, 1005, 98),
(3187, 1005, 136),
(3188, 1005, 137),
(3189, 1006, 98),
(3190, 1006, 136),
(3191, 1006, 137),
(3192, 1007, 98),
(3193, 1007, 136),
(3194, 1007, 137),
(3195, 1008, 98),
(3196, 1008, 136),
(3197, 1008, 137),
(3198, 1009, 98),
(3199, 1009, 136),
(3200, 1009, 138),
(3201, 1010, 98),
(3202, 1010, 136),
(3203, 1010, 138),
(3204, 1011, 98),
(3205, 1011, 136),
(3206, 1011, 138),
(3207, 1012, 98),
(3208, 1012, 136),
(3209, 1012, 138),
(3210, 1013, 98),
(3211, 1013, 136),
(3212, 1013, 138),
(3213, 1014, 98),
(3214, 1014, 136),
(3215, 1014, 138),
(3216, 1015, 98),
(3217, 1015, 136),
(3218, 1015, 138),
(3219, 1016, 98),
(3220, 1016, 136),
(3221, 1016, 138),
(3222, 1017, 98),
(3223, 1017, 136),
(3224, 1017, 138),
(3225, 1018, 98),
(3226, 1018, 136),
(3227, 1018, 138),
(3228, 1019, 98),
(3229, 1019, 136),
(3230, 1019, 138),
(3231, 1020, 98),
(3232, 1020, 136),
(3233, 1020, 138),
(3234, 1021, 98),
(3235, 1021, 136),
(3236, 1021, 138),
(3237, 1022, 98),
(3238, 1022, 136),
(3239, 1022, 138),
(3240, 1023, 98),
(3241, 1023, 136),
(3242, 1023, 138),
(3243, 1024, 98),
(3244, 1024, 136),
(3245, 1024, 138),
(3246, 1025, 98),
(3247, 1025, 136),
(3248, 1025, 138),
(3249, 1026, 98),
(3250, 1027, 98),
(3251, 1028, 98),
(3252, 1029, 98),
(3253, 1030, 87),
(3254, 1030, 88),
(3255, 1031, 87),
(3256, 1031, 88),
(3257, 1032, 87),
(3258, 1032, 89),
(3259, 1033, 87),
(3260, 1033, 89),
(3261, 1034, 87),
(3262, 1034, 89),
(3263, 1035, 87),
(3264, 1035, 89),
(3265, 1036, 87),
(3266, 1036, 90),
(3267, 1037, 87),
(3268, 1037, 90),
(3269, 1038, 87),
(3270, 1038, 90),
(3271, 1039, 87),
(3272, 1039, 90),
(3273, 1040, 87),
(3274, 1040, 91),
(3275, 1041, 87),
(3276, 1041, 91),
(3277, 1042, 87),
(3278, 1042, 91),
(3279, 1043, 87),
(3280, 1043, 91),
(3281, 1044, 87),
(3282, 1044, 92),
(3283, 1044, 93),
(3284, 1044, 94),
(3285, 1045, 87),
(3286, 1045, 92),
(3287, 1045, 93),
(3288, 1045, 94),
(3289, 1046, 87),
(3290, 1046, 92),
(3291, 1046, 93),
(3292, 1046, 94),
(3293, 1047, 87),
(3294, 1047, 92),
(3295, 1047, 93),
(3296, 1047, 94),
(3297, 1048, 87),
(3298, 1048, 92),
(3299, 1048, 93),
(3300, 1048, 94),
(3301, 1049, 87),
(3302, 1049, 92),
(3303, 1049, 93),
(3304, 1049, 94),
(3305, 1050, 87),
(3306, 1050, 92),
(3307, 1050, 93),
(3308, 1050, 94),
(3309, 1051, 87),
(3310, 1051, 92),
(3311, 1051, 93),
(3312, 1051, 94),
(3313, 1052, 87),
(3314, 1052, 92),
(3315, 1052, 93),
(3316, 1052, 94),
(3317, 1053, 87),
(3318, 1053, 92),
(3319, 1053, 93),
(3320, 1053, 94),
(3321, 1054, 87),
(3322, 1054, 92),
(3323, 1054, 93),
(3324, 1054, 95),
(3325, 1055, 87),
(3326, 1055, 92),
(3327, 1055, 93),
(3328, 1055, 96),
(3329, 1056, 87),
(3330, 1056, 92),
(3331, 1056, 97),
(3332, 1057, 87),
(3333, 1057, 92),
(3334, 1057, 97),
(3335, 1058, 87),
(3336, 1058, 92),
(3337, 1058, 97),
(3338, 1059, 87),
(3339, 1059, 92),
(3340, 1059, 97),
(3341, 1060, 98),
(3342, 1060, 99),
(3343, 1061, 98),
(3344, 1061, 99),
(3345, 1061, 100),
(3346, 1061, 101),
(3347, 1061, 102),
(3348, 1062, 98),
(3349, 1062, 99),
(3350, 1062, 100),
(3351, 1062, 101),
(3352, 1062, 102),
(3353, 1063, 98),
(3354, 1063, 99),
(3355, 1063, 100),
(3356, 1063, 101),
(3357, 1063, 103),
(3358, 1064, 98),
(3359, 1064, 99),
(3360, 1064, 100),
(3361, 1064, 101),
(3362, 1064, 103),
(3363, 1065, 98),
(3364, 1065, 99),
(3365, 1065, 100),
(3366, 1065, 101),
(3367, 1065, 104),
(3368, 1066, 98),
(3369, 1066, 99),
(3370, 1066, 100),
(3371, 1066, 101),
(3372, 1066, 104),
(3373, 1067, 98),
(3374, 1067, 99),
(3375, 1067, 100),
(3376, 1067, 101),
(3377, 1067, 105),
(3378, 1068, 98),
(3379, 1068, 99),
(3380, 1068, 100),
(3381, 1068, 101),
(3382, 1068, 105),
(3383, 1069, 98),
(3384, 1069, 99),
(3385, 1069, 100),
(3386, 1069, 101),
(3387, 1069, 106),
(3388, 1070, 98),
(3389, 1070, 99),
(3390, 1070, 100),
(3391, 1070, 101),
(3392, 1070, 106),
(3393, 1071, 98),
(3394, 1071, 99),
(3395, 1071, 100),
(3396, 1071, 101),
(3397, 1071, 107),
(3398, 1072, 98),
(3399, 1072, 99),
(3400, 1072, 100),
(3401, 1072, 101),
(3402, 1072, 107),
(3403, 1073, 98),
(3404, 1073, 99),
(3405, 1073, 100),
(3406, 1073, 108),
(3407, 1074, 98),
(3408, 1074, 99),
(3409, 1074, 100),
(3410, 1074, 108),
(3411, 1075, 98),
(3412, 1075, 99),
(3413, 1075, 100),
(3414, 1075, 108),
(3415, 1076, 98),
(3416, 1076, 99),
(3417, 1076, 100),
(3418, 1076, 108),
(3419, 1077, 98),
(3420, 1077, 99),
(3421, 1077, 109),
(3422, 1078, 98),
(3423, 1078, 99),
(3424, 1078, 109),
(3425, 1079, 98),
(3426, 1079, 99),
(3427, 1079, 109),
(3428, 1080, 98),
(3429, 1080, 99),
(3430, 1080, 109),
(3431, 1081, 98),
(3432, 1081, 99),
(3433, 1081, 109),
(3434, 1082, 98),
(3435, 1082, 99),
(3436, 1082, 109),
(3437, 1083, 98),
(3438, 1083, 110),
(3439, 1083, 111),
(3440, 1084, 98),
(3441, 1084, 110),
(3442, 1084, 111),
(3443, 1085, 98),
(3444, 1085, 110),
(3445, 1086, 98),
(3446, 1086, 112),
(3447, 1086, 113),
(3448, 1086, 114),
(3449, 1087, 98),
(3450, 1087, 112),
(3451, 1087, 113),
(3452, 1087, 114),
(3453, 1088, 98),
(3454, 1088, 112),
(3455, 1088, 113),
(3456, 1088, 114),
(3457, 1089, 98),
(3458, 1089, 112),
(3459, 1089, 113),
(3460, 1089, 114),
(3461, 1090, 98),
(3462, 1090, 112),
(3463, 1090, 113),
(3464, 1090, 115),
(3465, 1090, 116),
(3466, 1091, 98),
(3467, 1091, 112),
(3468, 1091, 113),
(3469, 1091, 115),
(3470, 1091, 116),
(3471, 1092, 98),
(3472, 1092, 112),
(3473, 1092, 113),
(3474, 1092, 115),
(3475, 1093, 98),
(3476, 1093, 112),
(3477, 1093, 113),
(3478, 1093, 115),
(3479, 1094, 98),
(3480, 1094, 112),
(3481, 1094, 113),
(3482, 1094, 117),
(3483, 1095, 98),
(3484, 1095, 112),
(3485, 1095, 113),
(3486, 1095, 117),
(3487, 1096, 98),
(3488, 1096, 112),
(3489, 1096, 113),
(3490, 1096, 117),
(3491, 1097, 98),
(3492, 1097, 112),
(3493, 1097, 113),
(3494, 1097, 117),
(3495, 1098, 98),
(3496, 1098, 112),
(3497, 1098, 113),
(3498, 1098, 117),
(3499, 1099, 98),
(3500, 1099, 112),
(3501, 1099, 113),
(3502, 1099, 117),
(3503, 1100, 98),
(3504, 1100, 112),
(3505, 1100, 118),
(3506, 1100, 119),
(3507, 1101, 98),
(3508, 1101, 112),
(3509, 1101, 118),
(3510, 1101, 119),
(3511, 1102, 98),
(3512, 1102, 112),
(3513, 1102, 118),
(3514, 1102, 119),
(3515, 1103, 98),
(3516, 1103, 112),
(3517, 1103, 118),
(3518, 1103, 119),
(3519, 1104, 98),
(3520, 1104, 112),
(3521, 1104, 118),
(3522, 1104, 119),
(3523, 1105, 98),
(3524, 1105, 112),
(3525, 1105, 118),
(3526, 1105, 119),
(3527, 1106, 98),
(3528, 1106, 112),
(3529, 1106, 118),
(3530, 1106, 119),
(3531, 1107, 98),
(3532, 1107, 112),
(3533, 1107, 118),
(3534, 1107, 120),
(3535, 1108, 98),
(3536, 1108, 112),
(3537, 1108, 118),
(3538, 1108, 120),
(3539, 1109, 98),
(3540, 1109, 112),
(3541, 1109, 118),
(3542, 1109, 120),
(3543, 1110, 98),
(3544, 1110, 112),
(3545, 1110, 121),
(3546, 1110, 122),
(3547, 1111, 98),
(3548, 1111, 112),
(3549, 1111, 121),
(3550, 1111, 122),
(3551, 1112, 98),
(3552, 1112, 112),
(3553, 1112, 121),
(3554, 1112, 122),
(3555, 1113, 98),
(3556, 1113, 112),
(3557, 1113, 121),
(3558, 1113, 122),
(3559, 1114, 98),
(3560, 1114, 112),
(3561, 1114, 121),
(3562, 1114, 122),
(3563, 1115, 98),
(3564, 1115, 112),
(3565, 1115, 121),
(3566, 1115, 123),
(3567, 1116, 98),
(3568, 1116, 112),
(3569, 1116, 121),
(3570, 1116, 123),
(3571, 1117, 98),
(3572, 1117, 112),
(3573, 1117, 121),
(3574, 1117, 123),
(3575, 1118, 98),
(3576, 1118, 112),
(3577, 1118, 121),
(3578, 1118, 123),
(3579, 1119, 98),
(3580, 1119, 112),
(3581, 1119, 121),
(3582, 1119, 123),
(3583, 1120, 98),
(3584, 1120, 112),
(3585, 1120, 121),
(3586, 1121, 98),
(3587, 1121, 112),
(3588, 1121, 121),
(3589, 1122, 98),
(3590, 1122, 124),
(3591, 1122, 125),
(3592, 1122, 126),
(3593, 1123, 98),
(3594, 1123, 124),
(3595, 1123, 125),
(3596, 1123, 126),
(3597, 1124, 98),
(3598, 1124, 124),
(3599, 1124, 125),
(3600, 1124, 126),
(3601, 1125, 98),
(3602, 1125, 124),
(3603, 1125, 125),
(3604, 1125, 126),
(3605, 1126, 98),
(3606, 1126, 124),
(3607, 1126, 125),
(3608, 1126, 126),
(3609, 1127, 98),
(3610, 1127, 124),
(3611, 1127, 125),
(3612, 1127, 126),
(3613, 1128, 98),
(3614, 1128, 124),
(3615, 1128, 125),
(3616, 1128, 126),
(3617, 1129, 98),
(3618, 1129, 124),
(3619, 1129, 125),
(3620, 1129, 126),
(3621, 1130, 98),
(3622, 1130, 124),
(3623, 1130, 125),
(3624, 1130, 127),
(3625, 1131, 98),
(3626, 1131, 124),
(3627, 1131, 125),
(3628, 1131, 127),
(3629, 1132, 98),
(3630, 1132, 124),
(3631, 1132, 125),
(3632, 1132, 128),
(3633, 1133, 98),
(3634, 1133, 124),
(3635, 1133, 125),
(3636, 1133, 128),
(3637, 1134, 98),
(3638, 1134, 124),
(3639, 1134, 125),
(3640, 1134, 128),
(3641, 1135, 98),
(3642, 1135, 124),
(3643, 1135, 125),
(3644, 1135, 128),
(3645, 1136, 98),
(3646, 1136, 124),
(3647, 1136, 125),
(3648, 1136, 128),
(3649, 1137, 98),
(3650, 1137, 124),
(3651, 1137, 125),
(3652, 1137, 128),
(3653, 1138, 98),
(3654, 1138, 124),
(3655, 1138, 125),
(3656, 1138, 128),
(3657, 1139, 98),
(3658, 1139, 124),
(3659, 1139, 125),
(3660, 1139, 129),
(3661, 1140, 98),
(3662, 1140, 124),
(3663, 1140, 125),
(3664, 1140, 130),
(3665, 1141, 98),
(3666, 1141, 124),
(3667, 1141, 125),
(3668, 1141, 130),
(3669, 1142, 98),
(3670, 1142, 124),
(3671, 1142, 125),
(3672, 1142, 130),
(3673, 1143, 98),
(3674, 1143, 124),
(3675, 1143, 125),
(3676, 1143, 130),
(3677, 1144, 98),
(3678, 1144, 124),
(3679, 1144, 131),
(3680, 1144, 132),
(3681, 1145, 98),
(3682, 1145, 124),
(3683, 1145, 131),
(3684, 1145, 132),
(3685, 1146, 98),
(3686, 1146, 124),
(3687, 1146, 131),
(3688, 1146, 132),
(3689, 1147, 98),
(3690, 1147, 124),
(3691, 1147, 131),
(3692, 1147, 132),
(3693, 1148, 98),
(3694, 1148, 124),
(3695, 1148, 131),
(3696, 1148, 132),
(3697, 1149, 98),
(3698, 1149, 124),
(3699, 1149, 131),
(3700, 1149, 132),
(3701, 1150, 98),
(3702, 1150, 124),
(3703, 1150, 131),
(3704, 1150, 133),
(3705, 1151, 98),
(3706, 1151, 124),
(3707, 1151, 131),
(3708, 1151, 133),
(3709, 1152, 98),
(3710, 1152, 124),
(3711, 1152, 134),
(3712, 1152, 135),
(3713, 1153, 98),
(3714, 1153, 124),
(3715, 1153, 134),
(3716, 1153, 135),
(3717, 1154, 98),
(3718, 1154, 124),
(3719, 1154, 134),
(3720, 1154, 135),
(3721, 1155, 98),
(3722, 1155, 124),
(3723, 1156, 98),
(3724, 1156, 124),
(3725, 1157, 98),
(3726, 1157, 124),
(3727, 1158, 98),
(3728, 1158, 124),
(3729, 1159, 98),
(3730, 1159, 136),
(3731, 1159, 137),
(3732, 1160, 98),
(3733, 1160, 136),
(3734, 1160, 137),
(3735, 1161, 98),
(3736, 1161, 136),
(3737, 1161, 137),
(3738, 1162, 98),
(3739, 1162, 136),
(3740, 1162, 137),
(3741, 1163, 98),
(3742, 1163, 136),
(3743, 1163, 137),
(3744, 1164, 98),
(3745, 1164, 136),
(3746, 1164, 137),
(3747, 1165, 98),
(3748, 1165, 136),
(3749, 1165, 137),
(3750, 1166, 98),
(3751, 1166, 136),
(3752, 1166, 137),
(3753, 1167, 98),
(3754, 1167, 136),
(3755, 1167, 137),
(3756, 1168, 98),
(3757, 1168, 136),
(3758, 1168, 137),
(3759, 1169, 98),
(3760, 1169, 136),
(3761, 1169, 137),
(3762, 1170, 98),
(3763, 1170, 136),
(3764, 1170, 137),
(3765, 1171, 98),
(3766, 1171, 136),
(3767, 1171, 137),
(3768, 1172, 98),
(3769, 1172, 136),
(3770, 1172, 137),
(3771, 1173, 98),
(3772, 1173, 136),
(3773, 1173, 137),
(3774, 1174, 98),
(3775, 1174, 136),
(3776, 1174, 137),
(3777, 1175, 98),
(3778, 1175, 136),
(3779, 1175, 137),
(3780, 1176, 98),
(3781, 1176, 136),
(3782, 1176, 138),
(3783, 1177, 98),
(3784, 1177, 136),
(3785, 1177, 138),
(3786, 1178, 98),
(3787, 1178, 136),
(3788, 1178, 138),
(3789, 1179, 98),
(3790, 1179, 136),
(3791, 1179, 138),
(3792, 1180, 98),
(3793, 1180, 136),
(3794, 1180, 138),
(3795, 1181, 98),
(3796, 1181, 136),
(3797, 1181, 138),
(3798, 1182, 98),
(3799, 1182, 136),
(3800, 1182, 138),
(3801, 1183, 98),
(3802, 1183, 136),
(3803, 1183, 138),
(3804, 1184, 98),
(3805, 1184, 136),
(3806, 1184, 138),
(3807, 1185, 98),
(3808, 1185, 136),
(3809, 1185, 138),
(3810, 1186, 98),
(3811, 1186, 136),
(3812, 1186, 138),
(3813, 1187, 98),
(3814, 1187, 136),
(3815, 1187, 138),
(3816, 1188, 98),
(3817, 1188, 136),
(3818, 1188, 138),
(3819, 1189, 98),
(3820, 1189, 136),
(3821, 1189, 138),
(3822, 1190, 98),
(3823, 1190, 136),
(3824, 1190, 138),
(3825, 1191, 98),
(3826, 1191, 136),
(3827, 1191, 138),
(3828, 1192, 98),
(3829, 1192, 136),
(3830, 1192, 138),
(3831, 1193, 98),
(3832, 1194, 98),
(3833, 1195, 98),
(3834, 1196, 98),
(3835, 1197, 139),
(3836, 1198, 139),
(3837, 1199, 139),
(3838, 1200, 139),
(3839, 1201, 139),
(3840, 1202, 139),
(3841, 1202, 140),
(3842, 1202, 141),
(3843, 1203, 139),
(3844, 1203, 140),
(3845, 1203, 141),
(3846, 1204, 139),
(3847, 1204, 140),
(3848, 1205, 139),
(3849, 1205, 140),
(3850, 1205, 142),
(3851, 1206, 139),
(3852, 1206, 140),
(3853, 1206, 142),
(3854, 1207, 139),
(3855, 1207, 140),
(3856, 1207, 142),
(3857, 1208, 139),
(3858, 1208, 140),
(3859, 1208, 142),
(3860, 1209, 139),
(3861, 1209, 140),
(3862, 1209, 142),
(3863, 1210, 139),
(3864, 1210, 140),
(3865, 1210, 142),
(3866, 1211, 139),
(3867, 1211, 140),
(3868, 1211, 142),
(3869, 1212, 139),
(3870, 1212, 140),
(3871, 1212, 142),
(3872, 1213, 139),
(3873, 1213, 140),
(3874, 1213, 142),
(3875, 1214, 139),
(3876, 1214, 143),
(3877, 1214, 144),
(3878, 1215, 139),
(3879, 1215, 143),
(3880, 1215, 144),
(3881, 1216, 139),
(3882, 1216, 143),
(3883, 1216, 145),
(3884, 1217, 139),
(3885, 1217, 143),
(3886, 1217, 145),
(3887, 1218, 139),
(3888, 1218, 143),
(3889, 1218, 146),
(3890, 1219, 139),
(3891, 1219, 143),
(3892, 1219, 146),
(3893, 1220, 139),
(3894, 1220, 143),
(3895, 1220, 147),
(3896, 1221, 139),
(3897, 1221, 143),
(3898, 1221, 147),
(3899, 1222, 139),
(3900, 1222, 143),
(3901, 1222, 148),
(3902, 1223, 139),
(3903, 1223, 143),
(3904, 1223, 148),
(3905, 1224, 139),
(3906, 1224, 143),
(3907, 1224, 149),
(3908, 1225, 139),
(3909, 1225, 143),
(3910, 1225, 149),
(3911, 1226, 139),
(3912, 1226, 150),
(3913, 1227, 139),
(3914, 1227, 150),
(3915, 1228, 139),
(3916, 1228, 150),
(3917, 1229, 139),
(3918, 1230, 139),
(3919, 1231, 139),
(3920, 1231, 151),
(3921, 1232, 139),
(3922, 1232, 151),
(3923, 1233, 139),
(3924, 1233, 152),
(3925, 1233, 153),
(3926, 1234, 139),
(3927, 1234, 152),
(3928, 1234, 153),
(3929, 1235, 139),
(3930, 1235, 152),
(3931, 1235, 154),
(3932, 1236, 139),
(3933, 1236, 152),
(3934, 1236, 154),
(3935, 1237, 139),
(3936, 1237, 152),
(3937, 1237, 155),
(3938, 1238, 139),
(3939, 1238, 152),
(3940, 1238, 155),
(3941, 1239, 139),
(3942, 1239, 152),
(3943, 1239, 156),
(3944, 1240, 139),
(3945, 1240, 152),
(3946, 1240, 156),
(3947, 1241, 139),
(3948, 1241, 157),
(3949, 1242, 139),
(3950, 1242, 157),
(3951, 1243, 139),
(3952, 1243, 157),
(3953, 1243, 158),
(3954, 1244, 139),
(3955, 1244, 157),
(3956, 1244, 158),
(3957, 1245, 139),
(3958, 1245, 157),
(3959, 1245, 158),
(3960, 1246, 139),
(3961, 1246, 157),
(3962, 1246, 158),
(3963, 1247, 139),
(3964, 1247, 159),
(3965, 1248, 139),
(3966, 1248, 159),
(3967, 1249, 139),
(3968, 1249, 159),
(3969, 1250, 139),
(3970, 1250, 159),
(3971, 1251, 139),
(3972, 1251, 160),
(3973, 1252, 139),
(3974, 1252, 160),
(3975, 1253, 139),
(3976, 1253, 160),
(3977, 1254, 139),
(3978, 1254, 160),
(3979, 1255, 139),
(3980, 1255, 161),
(3981, 1255, 162),
(3982, 1256, 139),
(3983, 1256, 161),
(3984, 1256, 162),
(3985, 1257, 139),
(3986, 1257, 161),
(3987, 1257, 163),
(3988, 1258, 139),
(3989, 1258, 161),
(3990, 1258, 163),
(3991, 1259, 139),
(3992, 1259, 161),
(3993, 1259, 164),
(3994, 1260, 139),
(3995, 1260, 161),
(3996, 1260, 164),
(3997, 1261, 139),
(3998, 1261, 165),
(3999, 1262, 139),
(4000, 1262, 165),
(4001, 1263, 139),
(4002, 1263, 165),
(4003, 1264, 166),
(4004, 1264, 167),
(4005, 1265, 166),
(4006, 1265, 167),
(4007, 1266, 166),
(4008, 1266, 167),
(4009, 1267, 166),
(4010, 1267, 168),
(4011, 1268, 166),
(4012, 1268, 168),
(4013, 1269, 166),
(4014, 1269, 168),
(4015, 1270, 166),
(4016, 1270, 169),
(4017, 1271, 166),
(4018, 1271, 169),
(4019, 1272, 166),
(4020, 1272, 169),
(4021, 1273, 166),
(4022, 1273, 170),
(4023, 1274, 166),
(4024, 1274, 170),
(4025, 1275, 166),
(4026, 1275, 170),
(4027, 1276, 171),
(4028, 1276, 172),
(4029, 1277, 171),
(4030, 1277, 172),
(4031, 1278, 171),
(4032, 1278, 172),
(4033, 1279, 171),
(4034, 1279, 173),
(4035, 1280, 171),
(4036, 1280, 173),
(4037, 1281, 171),
(4038, 1281, 173),
(4039, 1282, 171),
(4040, 1282, 174),
(4041, 1282, 175),
(4042, 1283, 171),
(4043, 1283, 174),
(4044, 1283, 175),
(4045, 1284, 171),
(4046, 1284, 174),
(4047, 1284, 175),
(4048, 1285, 171),
(4049, 1285, 174),
(4050, 1285, 176),
(4051, 1286, 171),
(4052, 1286, 174),
(4053, 1286, 176),
(4054, 1287, 171),
(4055, 1287, 174),
(4056, 1287, 176),
(4057, 1288, 171),
(4058, 1288, 174),
(4059, 1288, 177),
(4060, 1289, 171),
(4061, 1289, 174),
(4062, 1289, 177),
(4063, 1290, 171),
(4064, 1290, 174),
(4065, 1290, 177),
(4066, 1291, 171),
(4067, 1291, 174),
(4068, 1291, 178),
(4069, 1292, 171),
(4070, 1292, 174),
(4071, 1292, 178),
(4072, 1293, 171),
(4073, 1293, 174),
(4074, 1293, 178),
(4075, 1294, 171),
(4076, 1295, 171),
(4077, 1295, 179),
(4078, 1295, 180),
(4079, 1296, 171),
(4080, 1296, 179),
(4081, 1296, 180),
(4082, 1297, 171),
(4083, 1297, 179),
(4084, 1297, 180),
(4085, 1298, 171),
(4086, 1298, 179),
(4087, 1298, 180),
(4088, 1299, 171),
(4089, 1299, 179),
(4090, 1299, 180),
(4091, 1300, 171),
(4092, 1300, 179),
(4093, 1300, 180),
(4094, 1301, 171),
(4095, 1301, 179),
(4096, 1301, 180),
(4097, 1302, 171),
(4098, 1302, 179),
(4099, 1302, 180),
(4100, 1303, 171),
(4101, 1303, 179),
(4102, 1303, 180),
(4103, 1304, 171),
(4104, 1304, 179),
(4105, 1304, 180),
(4106, 1305, 171),
(4107, 1305, 179),
(4108, 1305, 181),
(4109, 1306, 171),
(4110, 1306, 179),
(4111, 1306, 181),
(4112, 1307, 171),
(4113, 1307, 179),
(4114, 1307, 181),
(4115, 1308, 171),
(4116, 1308, 179),
(4117, 1308, 181),
(4118, 1309, 171),
(4119, 1309, 179),
(4120, 1309, 181),
(4121, 1310, 171),
(4122, 1310, 179),
(4123, 1310, 181),
(4124, 1311, 171),
(4125, 1311, 179),
(4126, 1311, 181),
(4127, 1312, 171),
(4128, 1312, 179),
(4129, 1312, 181),
(4130, 1313, 171),
(4131, 1313, 179),
(4132, 1313, 181),
(4133, 1314, 171),
(4134, 1314, 179),
(4135, 1314, 181),
(4136, 1315, 171),
(4137, 1315, 179),
(4138, 1315, 182),
(4139, 1315, 183),
(4140, 1316, 171),
(4141, 1316, 179),
(4142, 1316, 182),
(4143, 1316, 183),
(4144, 1317, 171),
(4145, 1317, 179),
(4146, 1317, 182),
(4147, 1317, 183),
(4148, 1318, 171),
(4149, 1318, 179),
(4150, 1318, 182),
(4151, 1318, 183),
(4152, 1319, 171),
(4153, 1319, 179),
(4154, 1319, 182),
(4155, 1319, 183),
(4156, 1320, 171),
(4157, 1320, 179),
(4158, 1320, 182),
(4159, 1320, 183),
(4160, 1321, 171),
(4161, 1321, 179),
(4162, 1321, 182),
(4163, 1321, 183),
(4164, 1322, 171),
(4165, 1322, 179),
(4166, 1322, 182),
(4167, 1322, 183),
(4168, 1323, 171),
(4169, 1323, 179),
(4170, 1323, 182),
(4171, 1323, 183),
(4172, 1324, 171),
(4173, 1324, 179),
(4174, 1324, 182),
(4175, 1324, 183),
(4176, 1325, 171),
(4177, 1325, 179),
(4178, 1325, 182),
(4179, 1325, 184),
(4180, 1326, 171),
(4181, 1326, 179),
(4182, 1326, 182),
(4183, 1326, 184),
(4184, 1327, 171),
(4185, 1327, 179),
(4186, 1327, 182),
(4187, 1327, 184),
(4188, 1328, 171),
(4189, 1328, 179),
(4190, 1328, 182),
(4191, 1328, 184),
(4192, 1329, 171),
(4193, 1329, 179),
(4194, 1329, 182),
(4195, 1329, 184),
(4196, 1330, 171),
(4197, 1330, 179),
(4198, 1330, 182),
(4199, 1330, 184),
(4200, 1331, 171),
(4201, 1331, 179),
(4202, 1331, 182),
(4203, 1331, 184),
(4204, 1332, 171),
(4205, 1332, 179),
(4206, 1332, 182),
(4207, 1332, 184),
(4208, 1333, 171),
(4209, 1333, 179),
(4210, 1333, 182),
(4211, 1333, 184),
(4212, 1334, 171),
(4213, 1334, 179),
(4214, 1334, 182),
(4215, 1334, 184),
(4216, 1335, 171),
(4217, 1336, 171),
(4218, 1336, 185),
(4219, 1336, 180),
(4220, 1337, 171),
(4221, 1337, 185),
(4222, 1337, 180),
(4223, 1338, 171),
(4224, 1338, 185),
(4225, 1338, 180),
(4226, 1339, 171),
(4227, 1339, 185),
(4228, 1339, 180),
(4229, 1340, 171),
(4230, 1340, 185),
(4231, 1340, 180),
(4232, 1341, 171),
(4233, 1341, 185),
(4234, 1341, 180),
(4235, 1342, 171),
(4236, 1342, 185),
(4237, 1342, 180),
(4238, 1343, 171),
(4239, 1343, 185),
(4240, 1343, 180),
(4241, 1344, 171),
(4242, 1344, 185),
(4243, 1344, 180),
(4244, 1345, 171),
(4245, 1345, 185),
(4246, 1345, 180),
(4247, 1346, 171),
(4248, 1346, 185),
(4249, 1346, 181),
(4250, 1347, 171),
(4251, 1347, 185),
(4252, 1347, 181),
(4253, 1348, 171),
(4254, 1348, 185),
(4255, 1348, 181),
(4256, 1349, 171),
(4257, 1349, 185),
(4258, 1349, 181),
(4259, 1350, 171),
(4260, 1350, 185),
(4261, 1350, 181),
(4262, 1351, 171),
(4263, 1351, 185),
(4264, 1351, 181),
(4265, 1352, 171),
(4266, 1352, 185),
(4267, 1352, 181),
(4268, 1353, 171),
(4269, 1353, 185),
(4270, 1353, 181),
(4271, 1354, 171),
(4272, 1354, 185),
(4273, 1354, 181),
(4274, 1355, 171),
(4275, 1355, 185),
(4276, 1355, 181),
(4277, 1356, 171),
(4278, 1356, 185),
(4279, 1356, 182),
(4280, 1356, 183),
(4281, 1357, 171),
(4282, 1357, 185),
(4283, 1357, 182),
(4284, 1357, 183),
(4285, 1358, 171),
(4286, 1358, 185),
(4287, 1358, 182),
(4288, 1358, 183),
(4289, 1359, 171),
(4290, 1359, 185),
(4291, 1359, 182),
(4292, 1359, 183),
(4293, 1360, 171),
(4294, 1360, 185),
(4295, 1360, 182),
(4296, 1360, 183),
(4297, 1361, 171),
(4298, 1361, 185),
(4299, 1361, 182),
(4300, 1361, 183),
(4301, 1362, 171),
(4302, 1362, 185),
(4303, 1362, 182),
(4304, 1362, 183),
(4305, 1363, 171),
(4306, 1363, 185),
(4307, 1363, 182),
(4308, 1363, 183),
(4309, 1364, 171),
(4310, 1364, 185),
(4311, 1364, 182),
(4312, 1364, 183),
(4313, 1365, 171),
(4314, 1365, 185),
(4315, 1365, 182),
(4316, 1365, 183),
(4317, 1366, 171),
(4318, 1366, 185),
(4319, 1366, 182),
(4320, 1366, 184),
(4321, 1367, 171),
(4322, 1367, 185),
(4323, 1367, 182),
(4324, 1367, 184),
(4325, 1368, 171),
(4326, 1368, 185),
(4327, 1368, 182),
(4328, 1368, 184),
(4329, 1369, 171),
(4330, 1369, 185),
(4331, 1369, 182),
(4332, 1369, 184),
(4333, 1370, 171),
(4334, 1370, 185),
(4335, 1370, 182),
(4336, 1370, 184),
(4337, 1371, 171),
(4338, 1371, 185),
(4339, 1371, 182),
(4340, 1371, 184),
(4341, 1372, 171),
(4342, 1372, 185),
(4343, 1372, 182),
(4344, 1372, 184),
(4345, 1373, 171),
(4346, 1373, 185),
(4347, 1373, 182),
(4348, 1373, 184),
(4349, 1374, 171),
(4350, 1374, 185),
(4351, 1374, 182),
(4352, 1374, 184),
(4353, 1375, 171),
(4354, 1375, 185),
(4355, 1375, 182),
(4356, 1375, 184),
(4357, 1376, 171),
(4358, 1377, 171),
(4359, 1377, 186),
(4360, 1377, 180),
(4361, 1378, 171),
(4362, 1378, 186),
(4363, 1378, 180),
(4364, 1379, 171),
(4365, 1379, 186),
(4366, 1379, 180),
(4367, 1380, 171),
(4368, 1380, 186),
(4369, 1380, 180),
(4370, 1381, 171),
(4371, 1381, 186),
(4372, 1381, 180),
(4373, 1382, 171),
(4374, 1382, 186),
(4375, 1382, 180),
(4376, 1383, 171),
(4377, 1383, 186),
(4378, 1383, 180),
(4379, 1384, 171),
(4380, 1384, 186),
(4381, 1384, 180),
(4382, 1385, 171),
(4383, 1385, 186),
(4384, 1385, 180),
(4385, 1386, 171),
(4386, 1386, 186),
(4387, 1386, 180),
(4388, 1387, 171),
(4389, 1387, 186),
(4390, 1387, 181),
(4391, 1388, 171),
(4392, 1388, 186),
(4393, 1388, 181),
(4394, 1389, 171),
(4395, 1389, 186),
(4396, 1389, 181),
(4397, 1390, 171),
(4398, 1390, 186),
(4399, 1390, 181),
(4400, 1391, 171),
(4401, 1391, 186),
(4402, 1391, 181),
(4403, 1392, 171),
(4404, 1392, 186),
(4405, 1392, 181),
(4406, 1393, 171),
(4407, 1393, 186),
(4408, 1393, 181),
(4409, 1394, 171),
(4410, 1394, 186),
(4411, 1394, 181),
(4412, 1395, 171),
(4413, 1395, 186),
(4414, 1395, 181),
(4415, 1396, 171),
(4416, 1396, 186),
(4417, 1396, 181),
(4418, 1397, 171),
(4419, 1397, 186),
(4420, 1397, 182),
(4421, 1397, 183),
(4422, 1398, 171),
(4423, 1398, 186),
(4424, 1398, 182),
(4425, 1398, 183),
(4426, 1399, 171),
(4427, 1399, 186),
(4428, 1399, 182),
(4429, 1399, 183),
(4430, 1400, 171),
(4431, 1400, 186),
(4432, 1400, 182),
(4433, 1400, 183),
(4434, 1401, 171),
(4435, 1401, 186),
(4436, 1401, 182),
(4437, 1401, 183),
(4438, 1402, 171),
(4439, 1402, 186),
(4440, 1402, 182),
(4441, 1402, 183),
(4442, 1403, 171),
(4443, 1403, 186),
(4444, 1403, 182),
(4445, 1403, 183),
(4446, 1404, 171),
(4447, 1404, 186),
(4448, 1404, 182),
(4449, 1404, 183),
(4450, 1405, 171),
(4451, 1405, 186),
(4452, 1405, 182),
(4453, 1405, 183),
(4454, 1406, 171),
(4455, 1406, 186),
(4456, 1406, 182),
(4457, 1406, 183),
(4458, 1407, 171),
(4459, 1407, 186),
(4460, 1407, 182),
(4461, 1408, 171),
(4462, 1408, 186),
(4463, 1408, 182),
(4464, 1408, 184),
(4465, 1409, 171),
(4466, 1409, 186),
(4467, 1409, 182),
(4468, 1409, 184),
(4469, 1410, 171),
(4470, 1410, 186),
(4471, 1410, 182),
(4472, 1410, 184),
(4473, 1411, 171),
(4474, 1411, 186),
(4475, 1411, 182),
(4476, 1411, 184),
(4477, 1412, 171),
(4478, 1412, 186),
(4479, 1412, 182),
(4480, 1412, 184),
(4481, 1413, 171),
(4482, 1413, 186),
(4483, 1413, 182),
(4484, 1413, 184),
(4485, 1414, 171),
(4486, 1414, 186),
(4487, 1414, 182),
(4488, 1414, 184),
(4489, 1415, 171),
(4490, 1415, 186),
(4491, 1415, 182),
(4492, 1415, 184),
(4493, 1416, 171),
(4494, 1416, 186),
(4495, 1416, 182),
(4496, 1416, 184),
(4497, 1417, 171),
(4498, 1417, 186),
(4499, 1417, 182),
(4500, 1417, 184),
(4501, 1418, 171),
(4502, 1418, 187),
(4503, 1419, 171),
(4504, 1419, 187),
(4505, 1420, 171),
(4506, 1420, 188),
(4507, 1421, 171),
(4508, 1421, 188),
(4509, 1422, 171),
(4510, 1422, 189),
(4511, 1423, 171),
(4512, 1423, 189);

-- --------------------------------------------------------

--
-- Struktur dari tabel `keys`
--

CREATE TABLE `keys` (
  `id` int(11) NOT NULL,
  `user_id` int(11) NOT NULL,
  `key` varchar(40) NOT NULL,
  `level` int(2) NOT NULL,
  `ignore_limits` tinyint(1) NOT NULL DEFAULT 0,
  `is_private_key` tinyint(1) NOT NULL DEFAULT 0,
  `ip_addresses` text DEFAULT NULL,
  `date_created` int(11) NOT NULL
) ENGINE=InnoDB DEFAULT CHARSET=utf8;

--
-- Dumping data untuk tabel `keys`
--

INSERT INTO `keys` (`id`, `user_id`, `key`, `level`, `ignore_limits`, `is_private_key`, `ip_addresses`, `date_created`) VALUES
(1, 1, 'alsodhr74jrhfot97264jgnd85jg7jsofjgur5', 1, 0, 0, NULL, 1);

-- --------------------------------------------------------

--
-- Struktur dari tabel `label`
--

CREATE TABLE `label` (
  `id` int(11) NOT NULL,
  `nama` varchar(255) NOT NULL
) ENGINE=InnoDB DEFAULT CHARSET=latin1;

--
-- Dumping data untuk tabel `label`
--

INSERT INTO `label` (`id`, `nama`) VALUES
(1, 'I. Listrik*'),
(2, '1. Jenis Pembangkit Listrik*'),
(3, '1. PLTU/Uap*'),
(4, '2. PLTG/Gas Turbin*'),
(5, '3. PLTGU/Gas Uap*'),
(6, '4. PLTM-G/Mesin Gas*'),
(7, '5. PLTD/Diesel*'),
(8, '6. PLTA/Air*'),
(9, '7. PLTM/Air Micro*'),
(10, '8. PLTMH/Air Mini*'),
(11, '9. PLTP/Panas Bumi*'),
(12, '10. PLTS/Surya*'),
(13, '11. PLT BAYU/Angin*'),
(14, '5. Sambungan Listrik Desa/Kelurahan '),
(15, '1. Jumlah Desa/Kelurahan Belum Mendapat Sambungan Listrik**'),
(16, '2. Jumlah Desa/Kelurahan Mendapat Sambungan Listrik Terbatas Waktu**'),
(17, 'II. Mineral*'),
(18, '1. Batubara*'),
(19, '1. Jumlah Unit Usaha Tambang Batubara**'),
(20, '1. Jumlah Unit Usaha Milik Pemerintah**'),
(21, '2. Jumlah Unit Usaha Milik Swasta**'),
(22, '2. Biji Timah*'),
(23, '1. Jumlah Unit Usaha Tambang Biji Timah**'),
(24, '3. Biji Besi*'),
(25, '1. Jumlah Unit Usaha Tambang Biji Besi**'),
(26, '4. Tembaga*'),
(27, '1. Jumlah Unit Usaha Tambang Tembaga**'),
(28, '5. Mangan*'),
(29, '1. Jumlah Unit Usaha Tambang Mangan**'),
(30, '6. Bouksit (Biji Almunium)*'),
(31, '1. Jumlah Unit Usaha Tambang Bouksit**'),
(32, '7. Nikel*'),
(33, '1. Jumlah Unit Usaha Tambang Nikel**'),
(34, '8. Emas*'),
(35, '1. Jumlah Unit Usaha Tambang Emas**'),
(36, '9. Perak*'),
(37, '1. Jumlah Unit Usaha Tambang Perak**'),
(38, '10. Aspal Alam*'),
(39, '1. Jumlah Unit Usaha Tambang Aspal Alam**'),
(40, '11. Belerang*'),
(41, '1. Jumlah Unit Usaha Tambang Belerang**'),
(42, '12. Fosfat*'),
(43, '1. Jumlah Unit Usaha Tambang Fosfat**'),
(44, '13. Batu Gamping*'),
(45, '1. Jumlah Unit Usaha Tambang Batu Gamping**'),
(46, '14. Batu Pualam*'),
(47, '1. Jumlah Unit Usaha Tambang Batu Pualam**'),
(48, '15. Intan*'),
(49, '1. Jumlah Unit Usaha Tambang Intan**'),
(50, '16. Kaolin*'),
(51, '1. Jumlah Unit Usaha Tambang Kaolin**'),
(52, '17. Pasir Kuarsa*'),
(53, '1. Jumlah Unit Usaha Tambang Pasir Kuarsa**'),
(54, '18. Bahan Tambang Mineral Lainnya*'),
(55, '1. Jumlah Unit Usaha Tambang Mineral Lainnya**'),
(56, 'III.Pertambangan Rakyat*'),
(57, '1. Jumlah Pertambangan Batubara**'),
(58, '2. Jumlah Pertambangan Rakyat Tidak Berijin'),
(59, '1. Jumlah Pertambangan Biji Timah**'),
(60, '1. Jumlah Pertambangan Biji Besi**'),
(61, '1. Jumlah Pertambangan Tembaga**'),
(62, '5. Bouksit (Biji Almunium)*'),
(63, '1. Jumlah Pertambangan Bouksit**'),
(64, '6. Nikel*'),
(65, '1. Jumlah Pertambangan Nikel**'),
(66, '7. Emas*'),
(67, '1. Jumlah Pertambangan Emas**'),
(68, '8. Perak*'),
(69, '1. Jumlah Pertambangan Perak**'),
(70, '9. Belerang*'),
(71, '1. Jumlah Pertambangan Belerang**'),
(72, '10. Batu Gamping*'),
(73, '1. Jumlah Pertambangan Batu Gamping**'),
(74, '11. Batu Pualam*'),
(75, '1. Jumlah Pertambangan Batu Pualam**'),
(76, '12. Intan*'),
(77, '1. Jumlah Pertambangan Intan**'),
(78, '13. Pasir Kuarsa*'),
(79, '1. Jumlah Pertambangan Pasir Kuarsa**'),
(80, 'IV. Energi Terbarukan*'),
(81, '1. Biomassa '),
(82, '1. Industri Pembangkit Energi Biomassa*'),
(83, '2. Biogas '),
(84, '1. Industri Pembangkit Energi Biogas*'),
(85, '3. Biodiesel '),
(86, '1. Industri Pembangkit Energi Biodiesel*'),
(87, 'I. Geografis*'),
(88, '1. Luas Wilayah**'),
(89, '2. Letak Geografis*'),
(90, '3. Batas Wilayah*'),
(91, '4. Klimatologi*'),
(92, '5. Kewilayahan*'),
(93, '1. Kecamatan dan Kabupaten/Kota*'),
(94, '1. Jumlah Luas Kecamatan**'),
(95, '2. Jumlah Luas Kabupaten**'),
(96, '3. Jumlah Luas Kota**'),
(97, '2. Batas Wilayah Desa/Kelurahan*'),
(98, 'II. Administrasi Pemerintahan*'),
(99, '1. Kepegawaiaan*'),
(100, '1. Jumlah Pegawai Tetap'),
(101, '1. Jumlah Pegawai Berdasarkan Pendidikan**'),
(102, '1. Tamat SMP**'),
(103, '2. Tamat SMA**'),
(104, '3. Diploma**'),
(105, '4. Sarjana S1**'),
(106, '5. Sarjana S2**'),
(107, '6. Sarjana S3**'),
(108, '2. Jumlah Pegawai Berdasarkan Golongan**'),
(109, '2. Jumlah Pegawai Honor**'),
(110, '2. DPRD*'),
(111, '1. Jumlah Anggota DPRD**'),
(112, '3. Keuangan Daerah*'),
(113, '1. Jumlah Pendapatan**'),
(114, '1. Pendapatan Asli Daerah**'),
(115, '2. Dana Perimbangan**'),
(116, '1. Dana Bagi Hasil**'),
(117, '3. Lain-Lain Pendapatan Daerah yang Sah**'),
(118, '2. Jumlah Belanja**'),
(119, '1. Jumlah Belanja Tidak Langsung**'),
(120, '2. Jumlah Belanja Langsung**'),
(121, '3. Jumlah Pembiayaan**'),
(122, '1. Jumlah Penerimaan Pembiayaan**'),
(123, '2. Jumlah Pengeluaran Pembiayaan**'),
(124, '4. Neraca*'),
(125, '1. Aset*'),
(126, '1. Aset Lancar*'),
(127, '2. Investasi Jangka Panjang*'),
(128, '3. Aset Tetap*'),
(129, '4. Dana Cadangan*'),
(130, '5. Aset Lainnya*'),
(131, '2. Kewajiban*'),
(132, '1. Kewajiban Jangka Pendek*'),
(133, '2. Kewajiban Jangka Panjang*'),
(134, '3. Ekuitas*'),
(135, '1. Ekuitas**'),
(136, '5. PDRB*'),
(137, '1. PDRB Atas Harga Berlaku Menurut Lapangan Usaha**'),
(138, '2. PDRB Atas Harga Konstan Menurut Lapangan Usaha**'),
(139, 'I. Perikanan Tangkap Laut*'),
(140, '6. Kapal Penangkap Ikan*'),
(141, '1. Kapal Tanpa Motor**'),
(142, '3. Kapal Motor**'),
(143, '7. Perijinan Kapal Motor Penangkap Ikan*'),
(144, '1. Kapal Motor < 5 GT**'),
(145, '2. Kapal Motor 5-10 GT**'),
(146, '3. Kapal Motor 10-20 GT**'),
(147, '4. Kapal Motor 20-30 GT**'),
(148, '5. Kapal Motor 30-50 GT**'),
(149, '6. Kapal Motor > 50 GT**'),
(150, '8.  Kasus Pencurian Ikan*'),
(151, '11. Jumlah Dermaga Tambat Perahu/Kapal Penangkap Ikan Rakyat**'),
(152, '12. Jumlah dan Luas Kawasan Konservasi Laut*'),
(153, '1. Taman Nasional Laut*'),
(154, '2. Taman Wisata Alam Laut*'),
(155, '3. Suaka Margasatwa Laut*'),
(156, '4. Cagar Alam Laut*'),
(157, '13. Terumbu Karang*'),
(158, '3. Kondisi Terumbu Karang*'),
(159, '14. Garam*'),
(160, '15. Rumput Laut*'),
(161, '16. Penangkapan Ikan Perairan Umum*'),
(162, '1. Danau*'),
(163, '2. Rawa*'),
(164, '3. Sungai dan Lain-Lain*'),
(165, '17. Perusahaan Pengolahan Perikanan Air Laut*'),
(166, 'II. Perikanan Budidaya*'),
(167, '1.   Budidaya Air Laut*'),
(168, '2.   Budidaya Air Tawar*'),
(169, '3.   Budidaya Air Payau*'),
(170, '4.  Perusahaan Pengolahan Perikanan Air Tawar* '),
(171, '\"III. Benih, Industri dan Nilai Perikanan*\"'),
(172, '1.  Balai Benih Ikan*'),
(173, '2. Pembenihan Ikan Rakyat*'),
(174, '3. Industri Pengolahan*'),
(175, '1. Garam*'),
(176, '2. Rumput Laut*'),
(177, '3. Udang*'),
(178, '4. Kepiting/Rajungan*'),
(179, '4. Nilai Tukar Pembudidaya Air Laut'),
(180, '1. Jumlah Pembudidaya**'),
(181, '2. Penerimaan Pembudidaya**'),
(182, '3. Pengeluaran Pembudidaya**'),
(183, '1. Biaya Konsumsi**'),
(184, '2. Biaya Produksi**'),
(185, '5. Nilai Tukar Pembudidaya Air Tawar'),
(186, '6. Nilai Tukar Pembudidaya Air Payau'),
(187, '7. Volume dan Nilai Eksport Perikanan*'),
(188, '8. Volume dan Nilai Eksport Rumput Laut*'),
(189, '9. Volume dan Nilai Eksport Hasil Laut Lainnya*');

-- --------------------------------------------------------

--
-- Struktur dari tabel `provinsi`
--

CREATE TABLE `provinsi` (
  `id` int(11) NOT NULL,
  `nama` varchar(255) NOT NULL
) ENGINE=InnoDB DEFAULT CHARSET=latin1;

--
-- Dumping data untuk tabel `provinsi`
--

INSERT INTO `provinsi` (`id`, `nama`) VALUES
(52, 'NUSA TENGGARA BARAT');

-- --------------------------------------------------------

--
-- Struktur dari tabel `sumber_data`
--

CREATE TABLE `sumber_data` (
  `id` int(11) NOT NULL,
  `nama_sumber` varchar(255) DEFAULT NULL
) ENGINE=InnoDB DEFAULT CHARSET=latin1;

--
-- Dumping data untuk tabel `sumber_data`
--

INSERT INTO `sumber_data` (`id`, `nama_sumber`) VALUES
(1, '0'),
(3656, 'Badan Perencanaan Pembangunan Penelitian dan Pengembangan Daerah Provinsi Nusa Tenggara Barat'),
(3785, 'Badan Kepegawaian Daerah Provinsi NTB'),
(9447, 'Dinas Lingkungan Hidup dan Kehutanan Provinsi NTB'),
(9450, 'Dinas Kesehatan Provinsi Nusa Tenggara Barat'),
(9451, 'Dinas Perdagangan Provinsi NTB'),
(9452, 'DP3AP2KB Prov NTB'),
(9454, 'Badan Perencanaan Pembangunan Penelitian dan Pengembangan Daerah Provinsi NTB'),
(9455, 'Dinas Perpustakaan dan Kearsipan Provinsi NTB'),
(9456, 'Dinas Perindustrian Provinsi Nusa Tenggara Barat'),
(9457, 'Dinas Peternakan dan Kesehatan Hewan Provinsi NTB'),
(9458, 'Dinas Perumahan dan Permukiman Provinsi NTB'),
(9460, 'Dinas Energi dan Sumber Daya Mineral Provinsi NTB'),
(9461, 'Dinas Koperasi UKM Provinsi NTB'),
(9462, 'Dinas Penanam Modal dan Pelayanan Terpadu Satu Pintu Provinsi NTB'),
(9463, 'Dinas Lingkungan Hidup dan Kehutanan'),
(9466, 'Dinas Komunikasi Informatika, dan Statistik Provinsi NTB'),
(9473, 'DP3AP2KB Prov NTB'),
(9501, 'Dinas Kelautan dan Perikanan Provinsi NTB'),
(9509, 'Dinas Pekerjaan Umum dan Penataan Ruang Provinsi NTB'),
(9584, 'Dinas Pendidikan dan Kebudayaan Provinsi NTB'),
(9586, 'Dinas Dikbud Provinsi NTB'),
(10182, 'Dinas Pemuda dan Olahraga Provinsi NTB'),
(11834, 'Dinas Ketahanan Pangan'),
(11962, 'PT. PLN (PERSERO) WILAYAH NTB'),
(12096, 'Dinas Sosial Provinsi NTB'),
(12240, 'Dinas Pertanian Dan Perkebunan Prov. NTB'),
(12993, '12993'),
(13250, 'SATUAN POLISI PAMONG PRAJA PROV.NTB'),
(13498, 'PT. NNT / KK / IUPK'),
(13606, 'Bandar Udara Sultan Muhammad Kaharuddin'),
(13669, 'Dinas Perhubungan Nusa Tenggara Barat, Bidang Perhubungan Laut dan Udara'),
(13761, 'Kantor Syahbandar Otoritas Pelabuhan Badas'),
(14239, 'Dinas Perhubungan Nusa Tenggara Barat, Bidang Angkutan Darat'),
(14240, 'Dinas Perhubungan Nusa Tenggara Barat, Bidang Pengelolaan Terminal '),
(14619, 'Badan Pusat Statistik Provinsi NTB'),
(15150, 'DINAS TENAGA KERJA DAN TRANSMIGRASI PROVINSI NTB'),
(15941, 'BADAN PENGELOLAAN KEUANGAN DAN ASET DAERAH PROVINSI NTB');

-- --------------------------------------------------------

--
-- Struktur dari tabel `user`
--

CREATE TABLE `user` (
  `id` int(11) NOT NULL,
  `username` varchar(128) NOT NULL,
  `password` varchar(256) NOT NULL,
  `role_id` int(11) DEFAULT NULL,
  `is_active` int(1) DEFAULT NULL,
  `date_created` int(11) DEFAULT NULL
) ENGINE=InnoDB DEFAULT CHARSET=latin1;

--
-- Dumping data untuk tabel `user`
--

INSERT INTO `user` (`id`, `username`, `password`, `role_id`, `is_active`, `date_created`) VALUES
(1, 'admin', 'wdp123', 1, 1, 1568763118),
(2, 'admin baru edit', 'admin baru edit', 2, 1, 1568763268),
(3, 'admin2', '$2y$10$GKC6WLf7IUFUmueJLiqAWeeSE4XePN1T0aX.ba1Ui/xnyZkTPdJGC', 2, 1, 1568763304),
(4, 'admin_lagi', '$2y$10$WMWawbUUdvKCOKw.3ZInRuHlj2eqTBqDKWK0Det2.1C2eREHnKh.i', 2, 1, 1568763718),
(5, 'suma', '$2y$10$wenW/pU0xHjR7Biz7UTae.mhEVxGydX.q2kzH6dRhomyrtagFDOHK', 2, 1, 1568764221);

--
-- Indexes for dumped tables
--

--
-- Indeks untuk tabel `bagian`
--
ALTER TABLE `bagian`
  ADD PRIMARY KEY (`id`);

--
-- Indeks untuk tabel `data`
--
ALTER TABLE `data`
  ADD PRIMARY KEY (`id`),
  ADD KEY `id_kategori` (`id_kategori`),
  ADD KEY `id_prov` (`id_prov`),
  ADD KEY `id_kab_kota` (`id_kab_kota`),
  ADD KEY `id_sumber_data` (`id_sumber_data`);

--
-- Indeks untuk tabel `kab_kota`
--
ALTER TABLE `kab_kota`
  ADD PRIMARY KEY (`id`);

--
-- Indeks untuk tabel `kategori`
--
ALTER TABLE `kategori`
  ADD PRIMARY KEY (`id`),
  ADD KEY `id_bagian` (`id_bagian`);

--
-- Indeks untuk tabel `keterangan`
--
ALTER TABLE `keterangan`
  ADD PRIMARY KEY (`id`),
  ADD KEY `id_data` (`id_data`),
  ADD KEY `id_label` (`id_label`);

--
-- Indeks untuk tabel `keys`
--
ALTER TABLE `keys`
  ADD PRIMARY KEY (`id`);

--
-- Indeks untuk tabel `label`
--
ALTER TABLE `label`
  ADD PRIMARY KEY (`id`);

--
-- Indeks untuk tabel `provinsi`
--
ALTER TABLE `provinsi`
  ADD PRIMARY KEY (`id`);

--
-- Indeks untuk tabel `sumber_data`
--
ALTER TABLE `sumber_data`
  ADD PRIMARY KEY (`id`);

--
-- Indeks untuk tabel `user`
--
ALTER TABLE `user`
  ADD PRIMARY KEY (`id`);

--
-- AUTO_INCREMENT untuk tabel yang dibuang
--

--
-- AUTO_INCREMENT untuk tabel `bagian`
--
ALTER TABLE `bagian`
  MODIFY `id` int(11) NOT NULL AUTO_INCREMENT, AUTO_INCREMENT=6;

--
-- AUTO_INCREMENT untuk tabel `data`
--
ALTER TABLE `data`
  MODIFY `id` int(11) NOT NULL AUTO_INCREMENT, AUTO_INCREMENT=1424;

--
-- AUTO_INCREMENT untuk tabel `kab_kota`
--
ALTER TABLE `kab_kota`
  MODIFY `id` int(11) NOT NULL AUTO_INCREMENT, AUTO_INCREMENT=5273;

--
-- AUTO_INCREMENT untuk tabel `kategori`
--
ALTER TABLE `kategori`
  MODIFY `id` int(11) NOT NULL AUTO_INCREMENT, AUTO_INCREMENT=34;

--
-- AUTO_INCREMENT untuk tabel `keterangan`
--
ALTER TABLE `keterangan`
  MODIFY `id` int(11) NOT NULL AUTO_INCREMENT, AUTO_INCREMENT=4513;

--
-- AUTO_INCREMENT untuk tabel `keys`
--
ALTER TABLE `keys`
  MODIFY `id` int(11) NOT NULL AUTO_INCREMENT, AUTO_INCREMENT=2;

--
-- AUTO_INCREMENT untuk tabel `label`
--
ALTER TABLE `label`
  MODIFY `id` int(11) NOT NULL AUTO_INCREMENT, AUTO_INCREMENT=190;

--
-- AUTO_INCREMENT untuk tabel `provinsi`
--
ALTER TABLE `provinsi`
  MODIFY `id` int(11) NOT NULL AUTO_INCREMENT, AUTO_INCREMENT=53;

--
-- AUTO_INCREMENT untuk tabel `sumber_data`
--
ALTER TABLE `sumber_data`
  MODIFY `id` int(11) NOT NULL AUTO_INCREMENT, AUTO_INCREMENT=15942;

--
-- AUTO_INCREMENT untuk tabel `user`
--
ALTER TABLE `user`
  MODIFY `id` int(11) NOT NULL AUTO_INCREMENT, AUTO_INCREMENT=8;

--
-- Ketidakleluasaan untuk tabel pelimpahan (Dumped Tables)
--

--
-- Ketidakleluasaan untuk tabel `data`
--
ALTER TABLE `data`
  ADD CONSTRAINT `data_ibfk_1` FOREIGN KEY (`id_kategori`) REFERENCES `kategori` (`id`) ON DELETE CASCADE ON UPDATE CASCADE,
  ADD CONSTRAINT `data_ibfk_2` FOREIGN KEY (`id_prov`) REFERENCES `provinsi` (`id`) ON DELETE CASCADE ON UPDATE CASCADE,
  ADD CONSTRAINT `data_ibfk_3` FOREIGN KEY (`id_kab_kota`) REFERENCES `kab_kota` (`id`) ON DELETE CASCADE ON UPDATE CASCADE,
  ADD CONSTRAINT `data_ibfk_4` FOREIGN KEY (`id_sumber_data`) REFERENCES `sumber_data` (`id`) ON DELETE CASCADE ON UPDATE CASCADE;

--
-- Ketidakleluasaan untuk tabel `kategori`
--
ALTER TABLE `kategori`
  ADD CONSTRAINT `kategori_ibfk_1` FOREIGN KEY (`id_bagian`) REFERENCES `bagian` (`id`) ON DELETE CASCADE ON UPDATE CASCADE;

--
-- Ketidakleluasaan untuk tabel `keterangan`
--
ALTER TABLE `keterangan`
  ADD CONSTRAINT `keterangan_ibfk_1` FOREIGN KEY (`id_data`) REFERENCES `data` (`id`) ON DELETE CASCADE ON UPDATE CASCADE,
  ADD CONSTRAINT `keterangan_ibfk_2` FOREIGN KEY (`id_label`) REFERENCES `label` (`id`) ON DELETE CASCADE ON UPDATE CASCADE;
COMMIT;

/*!40101 SET CHARACTER_SET_CLIENT=@OLD_CHARACTER_SET_CLIENT */;
/*!40101 SET CHARACTER_SET_RESULTS=@OLD_CHARACTER_SET_RESULTS */;
/*!40101 SET COLLATION_CONNECTION=@OLD_COLLATION_CONNECTION */;
